Project Name,Package Name,Type Name,Method Name,LOC,CC,PC,Line no,IsTest,Main prod class tested,Production classes tested
.,io.jhdf.benchmarks,MemoryMapBenchmark,setUp,8,1,0,66,0,,
.,io.jhdf.benchmarks,MemoryMapBenchmark,tearDown,3,1,0,76,0,,
.,io.jhdf.benchmarks,MemoryMapBenchmark,plainRead,7,1,1,81,0,,
.,io.jhdf.benchmarks,MemoryMapBenchmark,memoryMappedRead,8,1,1,90,0,,
.,io.jhdf,AbstractNode,AbstractNode,13,1,4,92,0,io.jhdf.AbstractNode,io.jhdf.AbstractNode
.,io.jhdf,AbstractNode,isGroup,3,1,0,108,0,,
.,io.jhdf,AbstractNode,getName,3,1,0,113,0,,
.,io.jhdf,AbstractNode,getPath,3,1,0,118,0,,
.,io.jhdf,AbstractNode,getParent,3,1,0,123,0,,
.,io.jhdf,AbstractNode,getAddress,3,1,0,128,0,,
.,io.jhdf,AbstractNode,getFile,3,1,0,133,0,io.jhdf.AbstractNode,io.jhdf.AbstractNode
.,io.jhdf,AbstractNode,getFileAsPath,3,1,0,139,0,io.jhdf.AbstractNode,io.jhdf.AbstractNode
.,io.jhdf,AbstractNode,getHdfFile,3,1,0,144,0,io.jhdf.AbstractNode,io.jhdf.AbstractNode
.,io.jhdf,AbstractNode,isLink,3,1,0,149,0,,
.,io.jhdf,AbstractNode,getHeaderMessage,3,1,1,154,0,io.jhdf.AbstractNode,io.jhdf.AbstractNode
.,io.jhdf,AbstractNode,getAttributes,8,1,0,158,0,io.jhdf.AbstractNode,io.jhdf.AbstractNode
.,io.jhdf,AbstractNode,getAttribute,3,1,1,168,0,io.jhdf.AbstractNode,io.jhdf.AbstractNode
.,io.jhdf,AbstractNode,isAttributeCreationOrderTracked,3,1,0,173,0,io.jhdf.AbstractNode,io.jhdf.AbstractNode
.,io.jhdf,AbstractNode,getHeader,8,1,0,178,0,io.jhdf.AbstractNode,io.jhdf.AbstractNode
.,io.jhdf,AttributeImpl,AttributeImpl,6,1,3,33,0,,
.,io.jhdf,AttributeImpl,getNode,3,1,0,40,0,,
.,io.jhdf,AttributeImpl,getName,3,1,0,45,0,,
.,io.jhdf,AttributeImpl,getSize,3,1,0,50,0,,
.,io.jhdf,AttributeImpl,getSizeInBytes,3,1,0,55,0,io.jhdf.AttributeImpl,io.jhdf.AttributeImpl
.,io.jhdf,AttributeImpl,getDimensions,3,1,0,60,0,,
.,io.jhdf,AttributeImpl,getData,9,2,0,65,0,io.jhdf.AttributeImpl,io.jhdf.AttributeImpl
.,io.jhdf,AttributeImpl,isEmpty,3,1,0,76,0,,
.,io.jhdf,AttributeImpl,isScalar,6,2,0,81,0,io.jhdf.AttributeImpl,io.jhdf.AttributeImpl
.,io.jhdf,AttributeImpl,getJavaType,7,2,0,89,0,io.jhdf.AttributeImpl,io.jhdf.AttributeImpl
.,io.jhdf,AttributeImpl,getBuffer,3,1,0,100,0,,
.,io.jhdf,CommittedDatatype,CommittedDatatype,3,1,4,22,0,,
.,io.jhdf,CommittedDatatype,getType,3,1,0,26,0,,
.,io.jhdf,CommittedDatatype,getDataType,8,1,0,31,0,,
.,io.jhdf,Constants,Constants,3,1,0,19,0,,
.,io.jhdf,FractalHeap,FractalHeap,66,8,2,98,0,io.jhdf.FractalHeap,io.jhdf.FractalHeap
.,io.jhdf,FractalHeap,getId,0,8,1,195,0,,
.,io.jhdf,FractalHeap,getSizeOfDirectBlock,15,3,1,372,0,,
.,io.jhdf,FractalHeap,toString,3,1,0,386,0,,
.,io.jhdf,FractalHeap,getAddress,3,1,0,393,0,,
.,io.jhdf,FractalHeap,getMaxDirectBlockSize,3,1,0,397,0,,
.,io.jhdf,FractalHeap,getMaxSizeOfManagedObjects,3,1,0,401,0,,
.,io.jhdf,FractalHeap,getIdLength,3,1,0,405,0,,
.,io.jhdf,FractalHeap,getIoFiltersLength,3,1,0,409,0,,
.,io.jhdf,FractalHeap,getStartingRowsInRootIndirectBlock,3,1,0,413,0,,
.,io.jhdf,FractalHeap,getNumberOfTinyObjectsInHeap,3,1,0,417,0,,
.,io.jhdf,FractalHeap,getSizeOfTinyObjectsInHeap,3,1,0,421,0,,
.,io.jhdf,FractalHeap,getNumberOfHugeObjectsInHeap,3,1,0,425,0,,
.,io.jhdf,FractalHeap,getSizeOfHugeObjectsInHeap,3,1,0,429,0,,
.,io.jhdf,FractalHeap,getNumberOfManagedObjectsInHeap,3,1,0,433,0,,
.,io.jhdf,FractalHeap,getOffsetOfDirectBlockAllocationIteratorInManagedSpace,3,1,0,437,0,,
.,io.jhdf,FractalHeap,getAmountOfAllocatedManagedSpaceInHeap,3,1,0,441,0,,
.,io.jhdf,FractalHeap,getAmountOfManagedSpaceInHeap,3,1,0,445,0,,
.,io.jhdf,FractalHeap,getAddressOfManagedBlocksFreeSpaceManager,3,1,0,449,0,,
.,io.jhdf,FractalHeap,getFreeSpaceInManagedBlocks,3,1,0,453,0,,
.,io.jhdf,FractalHeap,getBTreeAddressOfHugeObjects,3,1,0,457,0,,
.,io.jhdf,FractalHeap,getNextHugeObjectId,3,1,0,461,0,,
.,io.jhdf,GlobalHeap,GlobalHeap,33,5,2,34,0,,
.,io.jhdf,GlobalHeap,toString,3,1,0,81,0,,
.,io.jhdf,GlobalHeap,getObjectData,6,2,1,107,0,,
.,io.jhdf,GlobalHeap,getObjectReferenceCount,6,2,1,122,0,,
.,io.jhdf,GroupImpl,GroupImpl,6,1,4,181,0,io.jhdf.GroupImpl,io.jhdf.GroupImpl
.,io.jhdf,GroupImpl,GroupImpl,6,1,3,190,0,,
.,io.jhdf,GroupImpl,createGroup,3,1,4,208,0,,
.,io.jhdf,GroupImpl,createRootGroup,3,1,3,226,0,,
.,io.jhdf,GroupImpl,getChildren,8,1,0,231,0,io.jhdf.GroupImpl,io.jhdf.GroupImpl
.,io.jhdf,GroupImpl,toString,3,1,0,241,0,io.jhdf.GroupImpl,io.jhdf.GroupImpl
.,io.jhdf,GroupImpl,getPath,3,1,0,246,0,,
.,io.jhdf,GroupImpl,getType,3,1,0,251,0,,
.,io.jhdf,GroupImpl,iterator,3,1,0,256,0,io.jhdf.GroupImpl,io.jhdf.GroupImpl
.,io.jhdf,GroupImpl,getChild,8,1,1,261,0,io.jhdf.GroupImpl,io.jhdf.GroupImpl
.,io.jhdf,GroupImpl,getByPath,16,4,1,271,0,io.jhdf.GroupImpl,io.jhdf.GroupImpl
.,io.jhdf,GroupImpl,getDatasetByPath,12,3,1,294,0,io.jhdf.GroupImpl,io.jhdf.GroupImpl
.,io.jhdf,GroupImpl,isLinkCreationOrderTracked,9,2,0,307,0,,
.,io.jhdf,GroupSymbolTableNode,GroupSymbolTableNode,27,3,2,35,0,,
.,io.jhdf,GroupSymbolTableNode,getVersion,3,1,0,75,0,,
.,io.jhdf,GroupSymbolTableNode,getNumberOfEntries,3,1,0,79,0,,
.,io.jhdf,GroupSymbolTableNode,getSymbolTableEntries,3,1,0,83,0,,
.,io.jhdf,GroupSymbolTableNode,toString,3,1,0,87,0,,
.,io.jhdf,HdfFile,HdfFile,3,1,1,77,0,,
.,io.jhdf,HdfFile,HdfFile,3,1,1,81,0,,
.,io.jhdf,HdfFile,fromBytes,4,1,1,85,0,io.jhdf.HdfFile,io.jhdf.HdfFile
.,io.jhdf,HdfFile,fromByteBuffer,24,5,1,98,0,io.jhdf.HdfFile,io.jhdf.HdfFile
.,io.jhdf,HdfFile,HdfFile,17,3,1,139,0,,
.,io.jhdf,HdfFile,fromInputStream,13,1,1,158,0,,
.,io.jhdf,HdfFile,HdfFile,42,7,1,180,0,io.jhdf.HdfFile,io.jhdf.HdfFile
.,io.jhdf,HdfFile,nextOffset,6,2,1,233,0,,
.,io.jhdf,HdfFile,getUserBlockSize,3,1,0,240,0,,
.,io.jhdf,HdfFile,getUserBlockBuffer,3,1,0,249,0,,
.,io.jhdf,HdfFile,close,10,3,0,258,0,io.jhdf.HdfFile,io.jhdf.HdfFile
.,io.jhdf,HdfFile,size,3,1,0,275,0,,
.,io.jhdf,HdfFile,isGroup,3,1,0,284,0,,
.,io.jhdf,HdfFile,getChildren,3,1,0,289,0,,
.,io.jhdf,HdfFile,getName,3,1,0,294,0,,
.,io.jhdf,HdfFile,getPath,3,1,0,299,0,,
.,io.jhdf,HdfFile,getAttributes,3,1,0,304,0,,
.,io.jhdf,HdfFile,getAttribute,3,1,1,309,0,,
.,io.jhdf,HdfFile,toString,3,1,0,314,0,io.jhdf.HdfFile,io.jhdf.HdfFile
.,io.jhdf,HdfFile,getType,3,1,0,319,0,,
.,io.jhdf,HdfFile,getParent,3,1,0,324,0,,
.,io.jhdf,HdfFile,getFile,4,1,0,330,0,io.jhdf.HdfFile,io.jhdf.HdfFile
.,io.jhdf,HdfFile,getFileAsPath,3,1,0,336,0,,
.,io.jhdf,HdfFile,getAddress,3,1,0,341,0,,
.,io.jhdf,HdfFile,iterator,3,1,0,346,0,,
.,io.jhdf,HdfFile,getChild,3,1,1,351,0,,
.,io.jhdf,HdfFile,getByPath,4,1,1,356,0,,
.,io.jhdf,HdfFile,getDatasetByPath,4,1,1,364,0,,
.,io.jhdf,HdfFile,getHdfFile,3,1,0,372,0,,
.,io.jhdf,HdfFile,addExternalFile,6,2,1,377,0,io.jhdf.HdfFile,io.jhdf.HdfFile
.,io.jhdf,HdfFile,isLink,3,1,0,390,0,,
.,io.jhdf,HdfFile,isAttributeCreationOrderTracked,3,1,0,395,0,,
.,io.jhdf,HdfFile,isLinkCreationOrderTracked,3,1,0,400,0,,
.,io.jhdf,HdfFile,getHdfBackingStorage,3,1,0,405,0,,
.,io.jhdf,HdfFile,inMemory,3,1,0,412,0,,
.,io.jhdf,HdfFile,getNodeByAddress,18,3,1,419,0,,
.,io.jhdf,LocalHeap,LocalHeap,24,2,2,36,0,,
.,io.jhdf,LocalHeap,getVersion,3,1,0,75,0,,
.,io.jhdf,LocalHeap,getDataSegmentSize,3,1,0,79,0,,
.,io.jhdf,LocalHeap,getOffsetToHeadOfFreeList,3,1,0,83,0,,
.,io.jhdf,LocalHeap,getAddressOfDataSegment,3,1,0,87,0,,
.,io.jhdf,LocalHeap,toString,3,1,0,91,0,,
.,io.jhdf,LocalHeap,getDataBuffer,3,1,0,98,0,,
.,io.jhdf,ObjectHeader,getAddress,3,1,0,43,0,,
.,io.jhdf,ObjectHeader,getVersion,0,1,0,47,0,,
.,io.jhdf,ObjectHeader,isAttributeCreationOrderTracked,0,1,0,49,0,,
.,io.jhdf,ObjectHeader,isAttributeCreationOrderIndexed,0,1,0,51,0,,
.,io.jhdf,ObjectHeader,getMessages,3,1,0,53,0,,
.,io.jhdf,ObjectHeader,ObjectHeader,3,1,1,57,0,,
.,io.jhdf,ObjectHeader,getMessagesOfType,3,1,1,61,0,io.jhdf.ObjectHeader,io.jhdf.ObjectHeader
.,io.jhdf,ObjectHeader,hasMessageOfType,3,1,1,65,0,io.jhdf.ObjectHeader,io.jhdf.ObjectHeader
.,io.jhdf,ObjectHeader,getMessageOfType,10,3,1,69,0,io.jhdf.ObjectHeader,io.jhdf.ObjectHeader
.,io.jhdf,ObjectHeader,readObjectHeader,10,2,2,361,0,,
.,io.jhdf,ObjectHeader,lazyReadObjectHeader,10,1,2,371,0,io.jhdf.ObjectHeader,io.jhdf.ObjectHeader
.,io.jhdf,ObjectHeader,initialize,4,1,0,375,0,io.jhdf.ObjectHeader,io.jhdf.ObjectHeader
.,io.jhdf,Superblock,getVersionOfSuperblock,0,1,0,38,0,,
.,io.jhdf,Superblock,getSizeOfOffsets,0,1,0,40,0,,
.,io.jhdf,Superblock,getSizeOfLengths,0,1,0,42,0,,
.,io.jhdf,Superblock,getBaseAddressByte,0,1,0,44,0,,
.,io.jhdf,Superblock,getEndOfFileAddress,0,1,0,46,0,,
.,io.jhdf,Superblock,verifySignature,10,1,2,48,0,,
.,io.jhdf,Superblock,verifySignature,4,1,2,72,0,io.jhdf.Superblock,io.jhdf.Superblock
.,io.jhdf,Superblock,verifySignature,5,1,1,77,0,,
.,io.jhdf,Superblock,readSuperblock,0,6,2,85,0,io.jhdf.Superblock,io.jhdf.Superblock
.,io.jhdf,Superblock,readSuperblock,0,6,1,121,0,io.jhdf.Superblock,io.jhdf.Superblock
.,io.jhdf,Superblock,getExtension,0,1,0,147,0,,
.,io.jhdf,SymbolTableEntry,SymbolTableEntry,0,4,2,34,0,,
.,io.jhdf,SymbolTableEntry,getAddress,3,1,0,82,0,,
.,io.jhdf,SymbolTableEntry,getBTreeAddress,3,1,0,86,0,,
.,io.jhdf,SymbolTableEntry,getCacheType,3,1,0,90,0,,
.,io.jhdf,SymbolTableEntry,getLinkNameOffset,3,1,0,94,0,,
.,io.jhdf,SymbolTableEntry,getLinkValueOffset,3,1,0,98,0,,
.,io.jhdf,SymbolTableEntry,getNameHeapAddress,3,1,0,102,0,,
.,io.jhdf,SymbolTableEntry,getObjectHeaderAddress,3,1,0,106,0,,
.,io.jhdf,SymbolTableEntry,toString,3,1,0,110,0,,
.,io.jhdf,Utils,Utils,3,1,0,27,0,,
.,io.jhdf,Utils,toHex,6,2,1,31,0,,
.,io.jhdf,Utils,readUntilNull,11,3,1,44,0,,
.,io.jhdf,Utils,validateName,3,1,1,66,0,,
.,io.jhdf,Utils,seekBufferToNextMultipleOfEight,7,2,1,79,0,,
.,io.jhdf,Utils,readBytesAsUnsignedInt,0,10,2,94,0,io.jhdf.Utils,io.jhdf.Utils
.,io.jhdf,Utils,readArbitraryLengthBytesAsUnsignedInt,8,2,2,135,0,,
.,io.jhdf,Utils,readBytesAsUnsignedLong,0,10,2,157,0,io.jhdf.Utils,io.jhdf.Utils
.,io.jhdf,Utils,readArbitraryLengthBytesAsUnsignedLong,8,2,2,196,0,,
.,io.jhdf,Utils,createSubBuffer,7,1,2,218,0,,
.,io.jhdf,Utils,bitsToInt,12,4,3,242,0,,
.,io.jhdf,Utils,bytesNeededToHoldNumber,9,3,1,264,0,,
.,io.jhdf,Utils,linearIndexToDimensionIndex,8,2,2,281,0,,
.,io.jhdf,Utils,dimensionIndexToLinearIndex,5,1,2,291,0,,
.,io.jhdf,Utils,dimensionIndexToLinearIndex,22,7,2,297,0,,
.,io.jhdf,Utils,chunkIndexToChunkOffset,12,3,3,321,0,,
.,io.jhdf,Utils,stripLeadingIndex,3,1,1,348,0,,
.,io.jhdf,Utils,setBit,13,3,3,359,0,,
.,io.jhdf,Utils,getBit,5,1,2,372,0,,
.,io.jhdf,AttributesTest,setup,4,1,0,89,0,,
.,io.jhdf,AttributesTest,tearDown,4,1,0,95,0,,
.,io.jhdf,AttributesTest,attributeTests,3,1,0,101,1,,
.,io.jhdf,AttributesTest,createTest,30,4,4,477,0,,
.,io.jhdf,AttributesTest,getArrayType,9,2,1,510,0,,
.,io.jhdf,AttributesTest,testAttributeCreationOrderTrackingEarliest,5,1,0,519,1,,
.,io.jhdf,AttributesTest,testAttributeCreationOrderTrackingLatest,5,1,0,527,1,,
.,io.jhdf,CommittedDatatypeTest,beforeAll,3,1,0,36,0,,
.,io.jhdf,CommittedDatatypeTest,readCommittedDatatype,8,1,4,41,0,,
.,io.jhdf,CommittedDatatypeTest,readCommittedDatatype,3,1,0,52,0,,
.,io.jhdf,CommittedDatatypeTest,testGettingCommittedDatatypeByAddress,5,1,0,61,1,,
.,io.jhdf,DatasetImplTest,beforeAll,3,1,0,62,0,,
.,io.jhdf,DatasetImplTest,afterAll,3,1,0,67,0,,
.,io.jhdf,DatasetImplTest,testByteDatasetBuffer,9,1,0,72,1,,
.,io.jhdf,DatasetImplTest,testShortDatasetBuffer,9,1,0,88,1,,
.,io.jhdf,DatasetImplTest,testIntDatasetBuffer,9,1,0,104,1,,
.,io.jhdf,DatasetImplTest,testFloatDatasetBuffer,9,1,0,120,1,,
.,io.jhdf,DatasetImplTest,testDoubleDatasetBuffer,9,1,0,136,1,,
.,io.jhdf,DatasetImplTest,testByteDatasetSize,4,1,0,152,1,,
.,io.jhdf,DatasetImplTest,testByteDatasetDiskSize,4,1,0,158,1,,
.,io.jhdf,DatasetImplTest,testShortDatasetSize,4,1,0,164,1,,
.,io.jhdf,DatasetImplTest,testShortDatasetDiskSize,4,1,0,170,1,,
.,io.jhdf,DatasetImplTest,testInt32DatasetSize,4,1,0,176,1,,
.,io.jhdf,DatasetImplTest,testInt32DatasetDiskSize,4,1,0,182,1,,
.,io.jhdf,DatasetImplTest,testInt32DatasetDimensions,4,1,0,188,1,,
.,io.jhdf,DatasetImplTest,testInt32DatasetMaxSizes,4,1,0,194,1,,
.,io.jhdf,DatasetImplTest,testInt32DatasetDataLayout,4,1,0,200,1,,
.,io.jhdf,DatasetImplTest,testInt32DatasetJavaType,4,1,0,206,1,,
.,io.jhdf,DatasetImplTest,testInt32GetData,4,1,0,212,1,,
.,io.jhdf,DatasetImplTest,testFloat32DatasetJavaType,4,1,0,218,1,,
.,io.jhdf,DatasetImplTest,testFloat32DatasetGetData,4,1,0,224,1,,
.,io.jhdf,DatasetImplTest,testFloat64DatasetGetData,4,1,0,230,1,,
.,io.jhdf,DatasetImplTest,testSlicedRead,7,1,0,236,1,,
.,io.jhdf,FractalHeapTest,setup,9,1,0,34,0,,
.,io.jhdf,FractalHeapTest,testGetIdWorksForValidId,10,1,0,46,1,,
.,io.jhdf,FractalHeapTest,testWrongIdLengthThrows,4,1,0,60,1,,
.,io.jhdf,FractalHeapTest,testGetters,20,1,0,66,1,,
.,io.jhdf,FractalHeapTest,testToString,3,1,0,88,1,,
.,io.jhdf,GlobalHeapTest,setup,7,1,0,42,0,,
.,io.jhdf,GlobalHeapTest,tearDown,3,1,0,52,0,,
.,io.jhdf,GlobalHeapTest,testGettingObject,6,1,0,57,1,,
.,io.jhdf,GlobalHeapTest,testInvalidSignatureThrows,3,1,0,68,1,,
.,io.jhdf,GlobalHeapTest,testGettingObjectOutOfRangeThrows,3,1,0,74,1,,
.,io.jhdf,GlobalHeapTest,testGettingReferencesToObject,3,1,0,79,1,,
.,io.jhdf,GlobalHeapTest,testGettingReferencesToObjectOutOfRangeThrows,3,1,0,84,1,,
.,io.jhdf,GlobalHeapTest,testToString,3,1,0,89,1,,
.,io.jhdf,GlobalHeapTest,testInvalidVersionThrows,13,1,0,94,1,,
.,io.jhdf,GlobalHeapTest,testDifferentObjectZero,5,1,0,110,1,,
.,io.jhdf,GroupSymbolTableNodeTest,setUp,6,1,0,32,0,,
.,io.jhdf,GroupSymbolTableNodeTest,after,3,1,0,40,0,,
.,io.jhdf,GroupSymbolTableNodeTest,testGroupSymbolTableNode,7,1,0,45,1,,
.,io.jhdf,GroupTest,setUp,11,1,0,45,0,,
.,io.jhdf,GroupTest,after,3,1,0,60,0,,
.,io.jhdf,GroupTest,testGroup,11,1,0,65,1,,
.,io.jhdf,GroupTest,testGettingChildrenByName,5,1,0,78,1,,
.,io.jhdf,GroupTest,testGettingMissingChildReturnsNull,5,1,0,85,1,,
.,io.jhdf,GroupTest,testGetByPathWithInvalidPathReturnsNull,4,1,0,92,1,,
.,io.jhdf,GroupTest,testGetByPathWithValidPathReturnsNode,6,1,0,98,1,,
.,io.jhdf,GroupTest,testGetByPathThroughDatasetThrows,6,1,0,106,1,,
.,io.jhdf,HdfFileChannelTest,before,5,1,0,49,0,,
.,io.jhdf,HdfFileChannelTest,testReadingBuffer,12,1,0,59,1,,
.,io.jhdf,HdfFileChannelTest,testReadingChannelThrows,4,1,0,77,1,,
.,io.jhdf,HdfFileChannelTest,testMap,5,1,0,84,1,,
.,io.jhdf,HdfFileChannelTest,testMapThrows,4,1,0,92,1,,
.,io.jhdf,HdfFileChannelTest,testSize,4,1,0,99,1,,
.,io.jhdf,HdfFileChannelTest,testSizeThrows,4,1,0,105,1,,
.,io.jhdf,HdfFileChannelTest,testGetSuperblock,3,1,0,111,1,,
.,io.jhdf,HdfFileChannelTest,testGetSizeOfOffsets,4,1,0,116,1,,
.,io.jhdf,HdfFileChannelTest,testGetSizeOfLengths,4,1,0,122,1,,
.,io.jhdf,HdfFileChannelTest,testGetUserBlockSize,4,1,0,128,1,,
.,io.jhdf,HdfFileTest,setup,5,1,0,64,0,,
.,io.jhdf,HdfFileTest,testOpeningValidFile,8,1,0,71,1,,
.,io.jhdf,HdfFileTest,testOpeningFileWithLargeMaxDimensionsSize,9,1,0,82,1,,
.,io.jhdf,HdfFileTest,testOpeningInvalidFile,4,1,0,95,1,,
.,io.jhdf,HdfFileTest,testOpeningMissingFile,6,1,0,101,1,,
.,io.jhdf,HdfFileTest,testRootGroup,6,1,0,109,1,,
.,io.jhdf,HdfFileTest,testNodesUnderTheRootGroupHaveTheRightPath,12,1,0,117,1,,
.,io.jhdf,HdfFileTest,testIteratingFile,6,1,0,135,1,,
.,io.jhdf,HdfFileTest,testGettingTheFileBackFromAGroup,7,2,0,143,1,,
.,io.jhdf,HdfFileTest,recurseThroughTheFileCallingBasicMethodsOnAllNodes,8,1,0,152,1,,
.,io.jhdf,HdfFileTest,recurseGroup,25,6,1,165,0,,
.,io.jhdf,HdfFileTest,testGettingChildByName,6,1,0,192,1,,
.,io.jhdf,HdfFileTest,testHdfFileHasNoParent,5,1,0,200,1,,
.,io.jhdf,HdfFileTest,testHdfFileIsGroup,5,1,0,207,1,,
.,io.jhdf,HdfFileTest,testFormatOfToString,5,1,0,214,1,,
.,io.jhdf,HdfFileTest,testGettingHdfFileAttributes,5,1,0,221,1,,
.,io.jhdf,HdfFileTest,testGettingByPath,8,1,0,228,1,,
.,io.jhdf,HdfFileTest,testGettingByPathWithLeadingSlash,8,1,0,239,1,,
.,io.jhdf,HdfFileTest,testGettingByInvalidPathWithLeadingSlashThrows,9,1,0,249,1,,
.,io.jhdf,HdfFileTest,testIsLinkIsFalse,5,1,0,262,1,,
.,io.jhdf,HdfFileTest,testAttributes,7,1,0,269,1,,
.,io.jhdf,HdfFileTest,testLinkCreationOrdered,5,1,0,278,1,,
.,io.jhdf,HdfFileTest,testURIConstructor,6,1,0,285,1,,
.,io.jhdf,HdfFileTest,testFileConstructor,6,1,0,293,1,,
.,io.jhdf,HdfFileTest,testReadingFromStream,6,1,0,301,1,,
.,io.jhdf,HdfFileTest,testReadingFromStreamThrowsWhenStreamCantBeRead,6,1,0,311,1,,
.,io.jhdf,HdfFileTest,testLoadingInMemoryFile,9,1,0,319,1,,
.,io.jhdf,HdfFileTest,testLoadingInMemoryFileFromByteArray,11,1,0,330,1,,
.,io.jhdf,HdfFileTest,testLoadingInMemoryFileFromByteArrayTwo,11,1,0,343,1,,
.,io.jhdf,HdfFileTest,testReadingFromEmptyByteArrayFails,4,1,0,356,1,,
.,io.jhdf,HdfFileTest,testExternalFilesOnInMemoryThrows,7,1,0,362,1,,
.,io.jhdf,HdfFileTest,testGettingFileChannelFromInMemoryFileThrows,8,1,0,371,1,,
.,io.jhdf,HdfFileTest,testGettingNodesByAddress,18,1,0,381,1,,
.,io.jhdf,HdfFileTest,testGettingNodeOnInvalidAddressThrows,5,1,0,402,1,,
.,io.jhdf,JenkinsLookup3HashLittleTest,testCases,3,1,0,27,0,,
.,io.jhdf,JenkinsLookup3HashLittleTest,testJenkinsHashLittle,4,1,3,38,0,,
.,io.jhdf,JenkinsLookup3HashLittleTest,testJenkinsHashLittleBuffer,4,1,3,45,0,,
.,io.jhdf,LargeAttributesTest,setup,3,1,0,33,0,,
.,io.jhdf,LargeAttributesTest,tearDown,3,1,0,38,0,,
.,io.jhdf,LargeAttributesTest,testGettingObject,13,2,0,43,1,,
.,io.jhdf,LargeGroupTest,datasetReadTests,3,1,0,31,1,,
.,io.jhdf,LargeGroupTest,createTest,17,2,1,37,0,,
.,io.jhdf,LocalHeapTest,setUp,6,1,0,33,0,,
.,io.jhdf,LocalHeapTest,after,3,1,0,41,0,,
.,io.jhdf,LocalHeapTest,testLocalHeap,8,1,0,46,1,,
.,io.jhdf,LocalHeapTest,testAccessingData,7,1,0,58,1,,
.,io.jhdf,NoInstancesTest,noInstances,3,1,0,30,0,,
.,io.jhdf,NoInstancesTest,noInstances,3,1,1,44,0,,
.,io.jhdf,ObjectHeaderTest,setUp,6,1,0,42,0,,
.,io.jhdf,ObjectHeaderTest,after,4,1,0,50,0,,
.,io.jhdf,ObjectHeaderTest,testObjectHeaderOnGroup,10,1,0,56,1,,
.,io.jhdf,ObjectHeaderTest,testObjectHeaderOnFloat32Dataset,10,1,0,71,1,,
.,io.jhdf,ObjectHeaderTest,testObjectHeaderOnFloat64Dataset,10,1,0,86,1,,
.,io.jhdf,ObjectHeaderTest,testObjectHeaderOnInt8Dataset,10,1,0,101,1,,
.,io.jhdf,ObjectHeaderTest,testLazyObjectHeader,16,1,0,117,1,,
.,io.jhdf,ObjectHeaderV2Test,setUp,6,1,0,39,0,,
.,io.jhdf,ObjectHeaderV2Test,after,3,1,0,47,0,,
.,io.jhdf,ObjectHeaderV2Test,testRootGroupObjectHeaderV2,15,1,0,52,1,,
.,io.jhdf,ObjectHeaderV2Test,testDatasetsGroupObjectHeaderV2,15,1,0,72,1,,
.,io.jhdf,ObjectHeaderV2Test,testObjectHeaderOnFloat16Dataset,15,1,0,92,1,,
.,io.jhdf,ObjectHeaderV2Test,testObjectHeaderOnFloat32Dataset,15,1,0,112,1,,
.,io.jhdf,ObjectHeaderV2Test,testObjectHeaderOnFloat64Dataset,15,1,0,132,1,,
.,io.jhdf,ObjectHeaderV2Test,testObjectHeaderOnInt8Dataset,15,1,0,152,1,,
.,io.jhdf,ObjectHeaderV2Test,testCreationOrderTracked,13,1,0,172,1,,
.,io.jhdf,OrderedGroupTest,setup,3,1,0,30,0,,
.,io.jhdf,OrderedGroupTest,after,3,1,0,35,0,,
.,io.jhdf,OrderedGroupTest,testOrderedGroup,5,1,0,40,1,,
.,io.jhdf,OrderedGroupTest,testUnOrderedGroup,5,1,0,47,1,,
.,io.jhdf,SuperblockTest,setUp,5,1,0,36,0,,
.,io.jhdf,SuperblockTest,after,4,1,0,43,0,,
.,io.jhdf,SuperblockTest,testExtractV0SuperblockFromFile,18,1,0,49,1,,
.,io.jhdf,SuperblockTest,testVerifySuperblock,3,1,0,72,1,,
.,io.jhdf,SuperblockTest,testVerifySuperblockReturnsFalseWhenNotCorrect,3,1,0,77,1,,
.,io.jhdf,SuperblockTest,testReadSuperblockThrowsWhenGivenInvalidOffset,3,1,0,82,1,,
.,io.jhdf,SuperblockTest,testReadingSuperblockExtension,10,1,0,87,1,,
.,io.jhdf,SuperblockV3Test,setUp,5,1,0,33,0,,
.,io.jhdf,SuperblockV3Test,after,4,1,0,40,0,,
.,io.jhdf,SuperblockV3Test,testExtractV0SuperblockFromFile,11,1,0,46,1,,
.,io.jhdf,SuperblockV3Test,testVerifySuperblock,3,1,0,62,1,,
.,io.jhdf,SuperblockV3Test,testVerifySuperblockReturnsFalseWhenNotCorrect,3,1,0,67,1,,
.,io.jhdf,SuperblockV3Test,testReadSuperblockThrowsWhenGivenInvalidOffset,3,1,0,72,1,,
.,io.jhdf,SymbolTableEntryTest,setUp,6,1,0,32,0,,
.,io.jhdf,SymbolTableEntryTest,after,3,1,0,40,0,,
.,io.jhdf,SymbolTableEntryTest,testSymbolTableEntry,9,1,0,45,1,,
.,io.jhdf,TestUtils,TestUtils,3,1,0,22,0,,
.,io.jhdf,TestUtils,loadTestHdfFile,7,2,1,26,0,,
.,io.jhdf,TestUtils,flatten,5,1,1,34,0,io.jhdf.TestUtils,io.jhdf.TestUtils
.,io.jhdf,TestUtils,flattenInternal,12,3,2,40,0,io.jhdf.TestUtils,io.jhdf.TestUtils
.,io.jhdf,TestUtils,getDimensions,10,2,1,52,0,,
.,io.jhdf,UserBlockTest,setup,4,1,0,33,0,,
.,io.jhdf,UserBlockTest,tearDown,4,1,0,39,0,,
.,io.jhdf,UserBlockTest,testEarliest,7,1,0,45,1,,
.,io.jhdf,UserBlockTest,testLatest,7,1,0,57,1,,
.,io.jhdf,UtilsTest,testToHex,3,1,0,34,1,,
.,io.jhdf,UtilsTest,testToHexWithUndefinedAddress,3,1,0,39,1,,
.,io.jhdf,UtilsTest,testReadUntilNull,7,1,0,44,1,,
.,io.jhdf,UtilsTest,testReadUntilNullThrowsIfNoNullIsFound,7,1,0,53,1,,
.,io.jhdf,UtilsTest,testReadUntilNullThrowsIfNonAlphanumericCharacterIsSeen,7,1,0,62,1,,
.,io.jhdf,UtilsTest,testValidNameReturnsTrue,3,1,0,71,1,,
.,io.jhdf,UtilsTest,testNameContainingDotIsInvalid,3,1,0,76,1,,
.,io.jhdf,UtilsTest,testNameContainingSlashIsInvalid,3,1,0,81,1,,
.,io.jhdf,UtilsTest,testNameContainingNonAsciiIsInvalid,3,1,0,86,1,,
.,io.jhdf,UtilsTest,testMovingBufferAlreadyAtEightBytePositionDoesNothing,8,1,0,91,1,,
.,io.jhdf,UtilsTest,testMovingBufferToNextEightBytePosition,9,1,0,104,1,,
.,io.jhdf,UtilsTest,testReadingOneByteToLong,6,1,0,118,1,,
.,io.jhdf,UtilsTest,testReadingTwoBytesToLong,6,1,0,126,1,,
.,io.jhdf,UtilsTest,testReadingThreeBytesToLong,6,1,0,134,1,,
.,io.jhdf,UtilsTest,testReadingThreeBytesToLongBigEndian,6,1,0,142,1,,
.,io.jhdf,UtilsTest,testReadingFourBytesToLong,6,1,0,150,1,,
.,io.jhdf,UtilsTest,testReadingFiveBytesToLong,6,1,0,158,1,,
.,io.jhdf,UtilsTest,testReadingSixBytesToLong,6,1,0,166,1,,
.,io.jhdf,UtilsTest,testReadingSixBytesToInt,6,1,0,174,1,,
.,io.jhdf,UtilsTest,testReadingSevenBytesToLong,6,1,0,182,1,,
.,io.jhdf,UtilsTest,testReadingEightBytesToLong,6,1,0,190,1,,
.,io.jhdf,UtilsTest,testReadingUnsupportedLengthLongThrows,5,1,0,198,1,,
.,io.jhdf,UtilsTest,testReadingEightByteNegativeIntegerThrows,7,1,0,205,1,,
.,io.jhdf,UtilsTest,testReadingEightByteNegativeLongThrows,7,1,0,214,1,,
.,io.jhdf,UtilsTest,testReadingOneByteToInt,6,1,0,223,1,,
.,io.jhdf,UtilsTest,testReadingTwoBytesToInt,6,1,0,231,1,,
.,io.jhdf,UtilsTest,testReadingThreeBytesToInt,6,1,0,239,1,,
.,io.jhdf,UtilsTest,testReadingFourBytesToInt,6,1,0,247,1,,
.,io.jhdf,UtilsTest,testReadingFourBytesToIntThatCantBeUnsigned,5,1,0,255,1,,
.,io.jhdf,UtilsTest,testReadingEightBytesToInt,6,1,0,262,1,,
.,io.jhdf,UtilsTest,testReadingUnsupportedLengthThrows,5,1,0,270,1,,
.,io.jhdf,UtilsTest,testReadingLargeLongThrows,6,1,0,277,1,,
.,io.jhdf,UtilsTest,testReadingUndefinedAddressSpecialCaseWorks,6,1,0,285,1,,
.,io.jhdf,UtilsTest,testCreatingSubBuffer,7,1,0,293,1,,
.,io.jhdf,UtilsTest,testBitsToInt,16,1,0,305,1,,
.,io.jhdf,UtilsTest,testBitsToIntThrowsWithNegativeLength,4,1,0,324,1,,
.,io.jhdf,UtilsTest,testBytesNeededToHoldNumber,9,1,0,330,1,,
.,io.jhdf,UtilsTest,testBytesNeededToHoldNumberThrowsWithNegative,3,1,0,346,1,,
.,io.jhdf,UtilsTest,chunkIndexToChunkOffset,3,1,4,351,0,,
.,io.jhdf,UtilsTest,chunkIndexToChunkOffset,3,1,0,357,0,,
.,io.jhdf,UtilsTest,testStripLeadingIndex,3,1,0,403,0,,
.,io.jhdf,UtilsTest,testStripLeadingIndex,3,1,2,410,0,,
.,io.jhdf,UtilsTest,testDimensionIndexToLinearIndex,3,1,3,418,0,,
.,io.jhdf,UtilsTest,testDimensionIndexToLinearIndex,3,1,0,424,0,,
.,io.jhdf,UtilsTest,testDimensionIndexToLinearIndexExceptions,7,1,0,439,1,,
.,io.jhdf,UtilsTest,testGetSetBit,3,1,0,458,0,,
.,io.jhdf,UtilsTest,testGetSetBit,17,4,2,472,0,,
.,io.jhdf,UtilsTest,testSetBitException,5,1,0,496,1,,
.,io.jhdf.api,Attribute,getNode,0,1,0,31,0,,
.,io.jhdf.api,Attribute,getName,0,1,0,38,0,,
.,io.jhdf.api,Attribute,getSize,0,1,0,45,0,,
.,io.jhdf.api,Attribute,getSizeInBytes,0,1,0,53,0,,
.,io.jhdf.api,Attribute,getDimensions,0,1,0,61,0,,
.,io.jhdf.api,Attribute,getData,0,1,0,69,0,,
.,io.jhdf.api,Attribute,getJavaType,0,1,0,79,0,,
.,io.jhdf.api,Attribute,isScalar,0,1,0,87,0,,
.,io.jhdf.api,Attribute,isEmpty,0,1,0,95,0,,
.,io.jhdf.api,Attribute,getBuffer,0,1,0,104,0,,
.,io.jhdf.api,Dataset,getSize,0,1,0,27,0,,
.,io.jhdf.api,Dataset,getSizeInBytes,0,1,0,34,0,,
.,io.jhdf.api,Dataset,getStorageInBytes,0,1,0,41,0,,
.,io.jhdf.api,Dataset,getDimensions,0,1,0,49,0,,
.,io.jhdf.api,Dataset,isScalar,0,1,0,56,0,,
.,io.jhdf.api,Dataset,isEmpty,0,1,0,63,0,,
.,io.jhdf.api,Dataset,isCompound,0,1,0,72,0,,
.,io.jhdf.api,Dataset,isVariableLength,0,1,0,79,0,,
.,io.jhdf.api,Dataset,getMaxSize,0,1,0,86,0,,
.,io.jhdf.api,Dataset,getDataLayout,0,1,0,94,0,,
.,io.jhdf.api,Dataset,getData,0,1,0,101,0,,
.,io.jhdf.api,Dataset,getDataFlat,0,1,0,120,0,,
.,io.jhdf.api,Dataset,getData,0,1,2,133,0,,
.,io.jhdf.api,Dataset,getJavaType,0,1,0,147,0,,
.,io.jhdf.api,Dataset,getDataType,0,1,0,154,0,,
.,io.jhdf.api,Dataset,getFillValue,0,1,0,161,0,,
.,io.jhdf.api,Dataset,getFilters,0,1,0,169,0,,
.,io.jhdf.api,Group,getChildren,0,1,0,25,0,,
.,io.jhdf.api,Group,getChild,0,1,1,33,0,,
.,io.jhdf.api,Group,getByPath,0,1,1,43,0,,
.,io.jhdf.api,Group,getDatasetByPath,0,1,1,52,0,,
.,io.jhdf.api,Group,isLinkCreationOrderTracked,0,1,0,61,0,,
.,io.jhdf.api,Link,getTarget,0,1,0,21,0,,
.,io.jhdf.api,Link,getTargetPath,0,1,0,31,0,,
.,io.jhdf.api,Link,isBrokenLink,0,1,0,39,0,,
.,io.jhdf.api,Node,getParent,0,1,0,25,0,,
.,io.jhdf.api,Node,getName,0,1,0,33,0,,
.,io.jhdf.api,Node,getPath,0,1,0,40,0,,
.,io.jhdf.api,Node,getAttributes,0,1,0,48,0,,
.,io.jhdf.api,Node,getAttribute,0,1,1,55,0,,
.,io.jhdf.api,Node,getType,0,1,0,64,0,,
.,io.jhdf.api,Node,isGroup,0,1,0,71,0,,
.,io.jhdf.api,Node,getFile,0,1,0,79,0,,
.,io.jhdf.api,Node,getFileAsPath,0,1,0,88,0,,
.,io.jhdf.api,Node,getHdfFile,0,1,0,95,0,,
.,io.jhdf.api,Node,getAddress,0,1,0,103,0,,
.,io.jhdf.api,Node,isLink,0,1,0,111,0,,
.,io.jhdf.api,Node,isAttributeCreationOrderTracked,0,1,0,119,0,,
.,io.jhdf.api.dataset,ChunkedDataset,getChunkDimensions,0,1,0,24,0,,
.,io.jhdf.api.dataset,ChunkedDataset,getRawChunkBuffer,0,1,1,31,0,,
.,io.jhdf.api.dataset,ContiguousDataset,getBuffer,0,1,0,23,0,,
.,io.jhdf.api.dataset,ContiguousDataset,getDataAddress,0,1,0,31,0,,
.,io.jhdf.btree,BTreeV1,createGroupBTree,14,3,2,48,0,io.jhdf.btree.BTreeV1,io.jhdf.btree.BTreeV1
.,io.jhdf.btree,BTreeV1,createDataBTree,14,3,3,66,0,io.jhdf.btree.BTreeV1,io.jhdf.btree.BTreeV1
.,io.jhdf.btree,BTreeV1,readHeaderAndValidateSignature,9,2,2,83,0,,
.,io.jhdf.btree,BTreeV1,BTreeV1,11,1,2,95,0,,
.,io.jhdf.btree,BTreeV1,getEntriesUsed,3,1,0,112,0,,
.,io.jhdf.btree,BTreeV1,getLeftSiblingAddress,3,1,0,116,0,,
.,io.jhdf.btree,BTreeV1,getRightSiblingAddress,3,1,0,120,0,,
.,io.jhdf.btree,BTreeV1,getAddress,3,1,0,124,0,,
.,io.jhdf.btree,BTreeV1,getChildAddresses,0,1,0,128,0,,
.,io.jhdf.btree,BTreeV1Data,BTreeV1Data,3,1,2,33,0,,
.,io.jhdf.btree,BTreeV1Data,getChunks,0,1,0,37,0,,
.,io.jhdf.btree,BTreeV1Group,BTreeV1Group,3,1,2,26,0,,
.,io.jhdf.btree,BTreeV2,getRecords,3,1,0,60,0,,
.,io.jhdf.btree,BTreeV2,BTreeV2,3,1,2,64,0,,
.,io.jhdf.btree,BTreeV2,BTreeV2,35,4,3,68,0,io.jhdf.btree.BTreeV2,io.jhdf.btree.BTreeV2
.,io.jhdf.btree,BTreeV2,readRecords,41,8,6,117,0,io.jhdf.btree.BTreeV2,io.jhdf.btree.BTreeV2
.,io.jhdf.btree,BTreeV2,getSizeOfNumberOfRecords,11,2,5,165,0,io.jhdf.btree.BTreeV2,io.jhdf.btree.BTreeV2
.,io.jhdf.btree,BTreeV2,bytesNeededToHoldNumber,3,1,1,181,0,,
.,io.jhdf.btree,BTreeV2,getSizeOfTotalNumberOfChildRecords,4,1,3,185,0,,
.,io.jhdf.btree,BTreeV2,toString,3,1,0,190,0,,
.,io.jhdf.btree,BTreeV1Test,setUp,6,1,0,38,0,,
.,io.jhdf.btree,BTreeV1Test,after,3,1,0,46,0,,
.,io.jhdf.btree,BTreeV1Test,testGroupBTreeNode,9,1,0,51,1,,
.,io.jhdf.btree,BTreeV1Test,testDataBTreeNode,9,1,0,63,1,,
.,io.jhdf.btree,BTreeV1Test,testCreatingBTreeOfDataTypeWithGroupThrows,3,1,0,75,1,,
.,io.jhdf.btree,BTreeV1Test,testCreatingBTreeOfGroupTypeWithDataThrows,3,1,0,80,1,,
.,io.jhdf.btree.record,AttributeNameForIndexedAttributesRecord,AttributeNameForIndexedAttributesRecord,9,2,1,25,0,,
.,io.jhdf.btree.record,AttributeNameForIndexedAttributesRecord,getHeapId,3,1,0,38,0,,
.,io.jhdf.btree.record,AttributeNameForIndexedAttributesRecord,getFlags,3,1,0,42,0,,
.,io.jhdf.btree.record,AttributeNameForIndexedAttributesRecord,getCreationOrder,3,1,0,46,0,,
.,io.jhdf.btree.record,AttributeNameForIndexedAttributesRecord,getHash,3,1,0,50,0,,
.,io.jhdf.btree.record,BTreeDatasetChunkRecord,getChunk,0,1,0,16,0,,
.,io.jhdf.btree.record,BTreeRecord,readRecord,0,13,3,20,0,,
.,io.jhdf.btree.record,FilteredDatasetChunks,FilteredDatasetChunks,11,2,2,29,0,,
.,io.jhdf.btree.record,FilteredDatasetChunks,getChunk,3,1,0,49,0,,
.,io.jhdf.btree.record,HugeFractalHeapObjectUnfilteredRecord,HugeFractalHeapObjectUnfilteredRecord,8,2,1,22,0,,
.,io.jhdf.btree.record,HugeFractalHeapObjectUnfilteredRecord,getAddress,3,1,0,33,0,,
.,io.jhdf.btree.record,HugeFractalHeapObjectUnfilteredRecord,getLength,3,1,0,37,0,,
.,io.jhdf.btree.record,HugeFractalHeapObjectUnfilteredRecord,getId,3,1,0,41,0,,
.,io.jhdf.btree.record,LinkNameForIndexedGroupRecord,LinkNameForIndexedGroupRecord,7,2,1,22,0,,
.,io.jhdf.btree.record,LinkNameForIndexedGroupRecord,getHash,3,1,0,32,0,,
.,io.jhdf.btree.record,LinkNameForIndexedGroupRecord,getId,3,1,0,36,0,,
.,io.jhdf.btree.record,NonFilteredDatasetChunks,NonFilteredDatasetChunks,8,2,2,28,0,,
.,io.jhdf.btree.record,NonFilteredDatasetChunks,getChunk,3,1,0,39,0,,
.,io.jhdf.btree.record,BTreeRecordTest,testUnsupportedRecordTypesThrow,9,1,0,20,1,,
.,io.jhdf.btree.record,BTreeRecordTest,testUnreconizedRecordTypeThrows,3,1,0,31,1,,
.,io.jhdf.btree.record,LinkNameForIndexedGroupRecordTest,testParsingBuffer,12,1,0,24,1,,
.,io.jhdf.btree.record,LinkNameForIndexedGroupRecordTest,testInvalidLengthBufferThrows,4,1,0,40,1,,
.,io.jhdf.checksum,ChecksumUtils,ChecksumUtils,3,1,0,18,0,,
.,io.jhdf.checksum,ChecksumUtils,validateChecksum,10,2,1,22,0,,
.,io.jhdf.checksum,ChecksumUtils,checksum,3,1,1,40,0,,
.,io.jhdf.checksum,ChecksumUtils,checksum,3,1,1,44,0,,
.,io.jhdf.checksum,JenkinsLookup3HashLittle,JenkinsLookup3HashLittle,3,1,0,34,0,,
.,io.jhdf.checksum,JenkinsLookup3HashLittle,hash,3,1,1,38,0,io.jhdf.checksum.JenkinsLookup3HashLittle,io.jhdf.checksum.JenkinsLookup3HashLittle
.,io.jhdf.checksum,JenkinsLookup3HashLittle,hash,3,1,1,48,0,,
.,io.jhdf.checksum,JenkinsLookup3HashLittle,hash,3,1,2,58,0,,
.,io.jhdf.checksum,JenkinsLookup3HashLittle,finalMix,17,1,3,113,0,,
.,io.jhdf.checksum,JenkinsLookup3HashLittle,hash,0,15,2,132,0,io.jhdf.checksum.JenkinsLookup3HashLittle,io.jhdf.checksum.JenkinsLookup3HashLittle
.,io.jhdf.checksum,ChecksumUtilsTest,testChecksumsCalculateCorrectly,4,1,0,28,1,,
.,io.jhdf.checksum,ChecksumUtilsTest,testChecksumAtEndOfBufferValidatesSuccessfully,7,1,0,34,1,,
.,io.jhdf.checksum,ChecksumUtilsTest,testValidationFailsWhenChecksumIsInvalid,7,1,0,43,1,,
.,io.jhdf.dataset.chunked,Chunk,getSize,0,1,0,16,0,,
.,io.jhdf.dataset.chunked,Chunk,getFilterMask,0,1,0,23,0,,
.,io.jhdf.dataset.chunked,Chunk,getChunkOffset,0,1,0,25,0,,
.,io.jhdf.dataset.chunked,Chunk,getAddress,0,1,0,32,0,,
.,io.jhdf.dataset.chunked,ChunkedDatasetBase,ChunkedDatasetBase,4,1,5,42,0,,
.,io.jhdf.dataset.chunked,ChunkedDatasetBase,fillDataFromChunk,26,6,7,47,0,io.jhdf.dataset.chunked.ChunkedDatasetBase,io.jhdf.dataset.chunked.ChunkedDatasetBase
.,io.jhdf.dataset.chunked,ChunkedDatasetBase,partOfChunkIsOutsideDataset,9,3,3,102,0,,
.,io.jhdf.dataset.chunked,ChunkedDatasetBase,getDataOffsets,15,3,1,117,0,io.jhdf.dataset.chunked.ChunkedDatasetBase,io.jhdf.dataset.chunked.ChunkedDatasetBase
.,io.jhdf.dataset.chunked,ChunkedDatasetBase,getDataBuffer,13,1,0,144,0,io.jhdf.dataset.chunked.ChunkedDatasetBase,io.jhdf.dataset.chunked.ChunkedDatasetBase
.,io.jhdf.dataset.chunked,ChunkedDatasetBase,getDimensionLinearOffsets,11,3,0,170,0,,
.,io.jhdf.dataset.chunked,ChunkedDatasetBase,getChunkInternalOffsets,9,2,2,188,0,,
.,io.jhdf.dataset.chunked,ChunkedDatasetBase,isPartialChunk,11,3,1,208,0,,
.,io.jhdf.dataset.chunked,ChunkedDatasetBase,decompressChunk,17,2,1,229,0,io.jhdf.dataset.chunked.ChunkedDatasetBase,io.jhdf.dataset.chunked.ChunkedDatasetBase
.,io.jhdf.dataset.chunked,ChunkedDatasetBase,getDataBuffer,8,1,1,255,0,,
.,io.jhdf.dataset.chunked,ChunkedDatasetBase,getRawChunkBuffer,7,2,1,284,0,io.jhdf.dataset.chunked.ChunkedDatasetBase,io.jhdf.dataset.chunked.ChunkedDatasetBase
.,io.jhdf.dataset.chunked,ChunkedDatasetBase,getAllChunks,3,1,0,294,0,io.jhdf.dataset.chunked.ChunkedDatasetBase,io.jhdf.dataset.chunked.ChunkedDatasetBase
.,io.jhdf.dataset.chunked,ChunkedDatasetBase,getChunk,3,1,1,298,0,io.jhdf.dataset.chunked.ChunkedDatasetBase,io.jhdf.dataset.chunked.ChunkedDatasetBase
.,io.jhdf.dataset.chunked,ChunkedDatasetBase,getChunkLookup,0,1,0,302,0,,
.,io.jhdf.dataset.chunked,ChunkedDatasetBase,isEmpty,3,1,0,304,0,io.jhdf.dataset.chunked.ChunkedDatasetBase,io.jhdf.dataset.chunked.ChunkedDatasetBase
.,io.jhdf.dataset.chunked,ChunkedDatasetBase,getStorageInBytes,3,1,0,309,0,io.jhdf.dataset.chunked.ChunkedDatasetBase,io.jhdf.dataset.chunked.ChunkedDatasetBase
.,io.jhdf.dataset.chunked,ChunkedDatasetBase,getSliceDataBuffer,3,1,2,314,0,,
.,io.jhdf.dataset.chunked,ChunkedDatasetBase,getFilters,8,1,0,319,0,,
.,io.jhdf.dataset.chunked,ChunkedDatasetV3,ChunkedDatasetV3,5,1,5,46,0,,
.,io.jhdf.dataset.chunked,ChunkedDatasetV3,getChunkLookup,8,1,0,54,0,,
.,io.jhdf.dataset.chunked,ChunkedDatasetV3,getChunkDimensions,3,1,0,63,0,,
.,io.jhdf.dataset.chunked,ChunkedDatasetV4,ChunkedDatasetV4,6,1,5,44,0,,
.,io.jhdf.dataset.chunked,ChunkedDatasetV4,getChunkDimensions,4,1,0,53,0,,
.,io.jhdf.dataset.chunked,ChunkedDatasetV4,getChunkLookup,8,1,0,60,0,,
.,io.jhdf.dataset.chunked,ChunkOffset,ChunkOffset,3,1,1,22,0,,
.,io.jhdf.dataset.chunked,ChunkOffset,equals,6,3,1,26,0,,
.,io.jhdf.dataset.chunked,ChunkOffset,hashCode,3,1,0,34,0,,
.,io.jhdf.dataset.chunked,ChunkOffset,toString,3,1,0,39,0,,
.,io.jhdf.dataset.chunked,DatasetInfo,DatasetInfo,5,1,3,25,0,,
.,io.jhdf.dataset.chunked,DatasetInfo,getChunkSizeInBytes,3,1,0,31,0,,
.,io.jhdf.dataset.chunked,DatasetInfo,getDatasetDimensions,3,1,0,35,0,,
.,io.jhdf.dataset.chunked,DatasetInfo,getChunkDimensions,3,1,0,39,0,,
.,io.jhdf.dataset.chunked,ChunkOffsetTest,testEquals,9,1,0,21,1,,
.,io.jhdf.dataset.chunked,ChunkOffsetTest,testToString,4,1,0,33,1,,
.,io.jhdf.dataset.chunked.indexing,BTreeIndex,BTreeIndex,3,1,3,31,0,,
.,io.jhdf.dataset.chunked.indexing,BTreeIndex,getAllChunks,3,1,0,35,0,,
.,io.jhdf.dataset.chunked.indexing,ChunkImpl,ChunkImpl,3,1,3,27,0,,
.,io.jhdf.dataset.chunked.indexing,ChunkImpl,ChunkImpl,6,1,4,31,0,,
.,io.jhdf.dataset.chunked.indexing,ChunkImpl,getSize,3,1,0,38,0,,
.,io.jhdf.dataset.chunked.indexing,ChunkImpl,getFilterMask,3,1,0,43,0,,
.,io.jhdf.dataset.chunked.indexing,ChunkImpl,getChunkOffset,3,1,0,48,0,,
.,io.jhdf.dataset.chunked.indexing,ChunkImpl,getAddress,3,1,0,53,0,,
.,io.jhdf.dataset.chunked.indexing,ChunkImpl,toString,3,1,0,58,0,,
.,io.jhdf.dataset.chunked.indexing,ChunkIndex,getAllChunks,0,1,0,18,0,,
.,io.jhdf.dataset.chunked.indexing,EmptyChunkIndex,getAllChunks,3,1,0,19,0,,
.,io.jhdf.dataset.chunked.indexing,ExtensibleArrayIndex,ExtensibleArrayIndex,43,4,3,73,0,io.jhdf.dataset.chunked.indexing.ExtensibleArrayIndex,io.jhdf.dataset.chunked.indexing.ExtensibleArrayIndex
.,io.jhdf.dataset.chunked.indexing,ExtensibleArrayIndex,verifySignature,8,2,2,321,0,,
.,io.jhdf.dataset.chunked.indexing,ExtensibleArrayIndex,getAllChunks,3,1,0,399,0,,
.,io.jhdf.dataset.chunked.indexing,FixedArrayIndex,FixedArrayIndex,26,3,3,46,0,,
.,io.jhdf.dataset.chunked.indexing,FixedArrayIndex,getAllChunks,3,1,0,144,0,,
.,io.jhdf.dataset.chunked.indexing,SingleChunkIndex,SingleChunkIndex,9,2,2,23,0,,
.,io.jhdf.dataset.chunked.indexing,SingleChunkIndex,getAllChunks,3,1,0,32,0,,
.,io.jhdf.dataset.chunked.indexing,ExtensibleArrayCounterTest,testExtensibleArrayCounter,26,1,0,20,1,,
.,io.jhdf.dataset.chunked.indexing,ExtensibleArrayCounterTest,testExtensibleArrayCounterWith16,26,1,0,56,1,,
.,io.jhdf.dataset.chunked.indexing,ExtensibleArrayCounterTest,testExtensibleArrayCounterToString,4,1,0,92,1,,
.,io.jhdf.dataset.chunked.indexing,ExtensibleArraySecondaryBlockPointerCounter,testExtensibleArrayCounter,15,1,0,20,1,,
.,io.jhdf.dataset.chunked.indexing,ExtensibleArraySecondaryBlockPointerCounter,testExtensibleArrayCounterWith4,15,1,0,44,1,,
.,io.jhdf.dataset,CompactDataset,CompactDataset,3,1,5,25,0,,
.,io.jhdf.dataset,CompactDataset,getDataBuffer,5,1,0,29,0,,
.,io.jhdf.dataset,CompactDataset,getSliceDataBuffer,3,1,2,36,0,,
.,io.jhdf.dataset,CompactDataset,getFilters,3,1,0,41,0,,
.,io.jhdf.dataset,CompoundDatasetReader,CompoundDatasetReader,3,1,0,24,0,,
.,io.jhdf.dataset,CompoundDatasetReader,readDataset,18,3,4,28,0,,
.,io.jhdf.dataset,ContiguousDatasetImpl,ContiguousDatasetImpl,4,1,5,32,0,,
.,io.jhdf.dataset,ContiguousDatasetImpl,getDataBuffer,10,1,0,37,0,,
.,io.jhdf.dataset,ContiguousDatasetImpl,getSliceDataBuffer,9,1,2,48,0,io.jhdf.dataset.ContiguousDatasetImpl,io.jhdf.dataset.ContiguousDatasetImpl
.,io.jhdf.dataset,ContiguousDatasetImpl,readSlicesToBuffer,15,3,5,62,0,io.jhdf.dataset.ContiguousDatasetImpl,io.jhdf.dataset.ContiguousDatasetImpl
.,io.jhdf.dataset,ContiguousDatasetImpl,getBuffer,3,1,0,81,0,io.jhdf.dataset.ContiguousDatasetImpl,io.jhdf.dataset.ContiguousDatasetImpl
.,io.jhdf.dataset,ContiguousDatasetImpl,getDataAddress,3,1,0,86,0,,
.,io.jhdf.dataset,ContiguousDatasetImpl,isEmpty,3,1,0,91,0,,
.,io.jhdf.dataset,ContiguousDatasetImpl,getFilters,3,1,0,96,0,,
.,io.jhdf.dataset,DatasetBase,DatasetBase,7,1,5,52,0,,
.,io.jhdf.dataset,DatasetBase,getType,3,1,0,61,0,,
.,io.jhdf.dataset,DatasetBase,convertToCorrectEndiness,12,3,1,66,0,,
.,io.jhdf.dataset,DatasetBase,getSize,3,1,0,78,0,,
.,io.jhdf.dataset,DatasetBase,getSizeInBytes,3,1,0,83,0,io.jhdf.dataset.DatasetBase,io.jhdf.dataset.DatasetBase
.,io.jhdf.dataset,DatasetBase,getDimensions,3,1,0,88,0,,
.,io.jhdf.dataset,DatasetBase,getMaxSize,8,2,0,93,0,io.jhdf.dataset.DatasetBase,io.jhdf.dataset.DatasetBase
.,io.jhdf.dataset,DatasetBase,getDataLayout,3,1,0,102,0,,
.,io.jhdf.dataset,DatasetBase,getJavaType,7,2,0,107,0,io.jhdf.dataset.DatasetBase,io.jhdf.dataset.DatasetBase
.,io.jhdf.dataset,DatasetBase,getDataType,3,1,0,118,0,,
.,io.jhdf.dataset,DatasetBase,getData,13,2,0,123,0,io.jhdf.dataset.DatasetBase,io.jhdf.dataset.DatasetBase
.,io.jhdf.dataset,DatasetBase,getDataFlat,14,2,0,143,0,io.jhdf.dataset.DatasetBase,io.jhdf.dataset.DatasetBase
.,io.jhdf.dataset,DatasetBase,getData,12,3,2,165,0,io.jhdf.dataset.DatasetBase,io.jhdf.dataset.DatasetBase
.,io.jhdf.dataset,DatasetBase,validateSliceRequest,17,6,2,181,0,io.jhdf.dataset.DatasetBase,io.jhdf.dataset.DatasetBase
.,io.jhdf.dataset,DatasetBase,isScalar,3,1,0,202,0,io.jhdf.dataset.DatasetBase,io.jhdf.dataset.DatasetBase
.,io.jhdf.dataset,DatasetBase,isEmpty,3,1,0,207,0,io.jhdf.dataset.DatasetBase,io.jhdf.dataset.DatasetBase
.,io.jhdf.dataset,DatasetBase,isCompound,3,1,0,212,0,io.jhdf.dataset.DatasetBase,io.jhdf.dataset.DatasetBase
.,io.jhdf.dataset,DatasetBase,getDataBuffer,0,1,0,217,0,,
.,io.jhdf.dataset,DatasetBase,getSliceDataBuffer,0,1,2,226,0,,
.,io.jhdf.dataset,DatasetBase,getFillValue,13,3,0,228,0,io.jhdf.dataset.DatasetBase,io.jhdf.dataset.DatasetBase
.,io.jhdf.dataset,DatasetBase,toString,3,1,0,243,0,,
.,io.jhdf.dataset,DatasetBase,isVariableLength,3,1,0,248,0,io.jhdf.dataset.DatasetBase,io.jhdf.dataset.DatasetBase
.,io.jhdf.dataset,DatasetBase,getStorageInBytes,3,1,0,253,0,io.jhdf.dataset.DatasetBase,io.jhdf.dataset.DatasetBase
.,io.jhdf.dataset,DatasetLoader,DatasetLoader,3,1,0,27,0,,
.,io.jhdf.dataset,DatasetLoader,createDataset,24,5,4,31,0,,
.,io.jhdf.dataset,DatasetReader,DatasetReader,3,1,0,38,0,,
.,io.jhdf.dataset,DatasetReader,readDataset,17,3,4,42,0,,
.,io.jhdf.dataset,DatasetReader,readDataset,3,1,4,72,0,,
.,io.jhdf.dataset,EnumDatasetReader,EnumDatasetReader,3,1,0,37,0,,
.,io.jhdf.dataset,EnumDatasetReader,readEnumDataset,0,6,3,44,0,io.jhdf.dataset.EnumDatasetReader,io.jhdf.dataset.EnumDatasetReader
.,io.jhdf.dataset,EnumDatasetReader,fillDataUnsigned,16,4,4,76,0,io.jhdf.dataset.EnumDatasetReader,io.jhdf.dataset.EnumDatasetReader
.,io.jhdf.dataset,EnumDatasetReader,fillDataUnsigned,16,4,4,93,0,,
.,io.jhdf.dataset,EnumDatasetReader,fillDataUnsigned,16,4,4,110,0,,
.,io.jhdf.dataset,EnumDatasetReader,fillDataUnsigned,18,4,4,127,0,,
.,io.jhdf.dataset,GlobalHeapId,GlobalHeapId,4,1,2,17,0,,
.,io.jhdf.dataset,GlobalHeapId,getHeapAddress,3,1,0,22,0,,
.,io.jhdf.dataset,GlobalHeapId,getIndex,3,1,0,26,0,,
.,io.jhdf.dataset,VariableLengthDatasetReader,VariableLengthDatasetReader,3,1,0,34,0,,
.,io.jhdf.dataset,VariableLengthDatasetReader,readDataset,38,6,4,38,0,io.jhdf.dataset.VariableLengthDatasetReader,io.jhdf.dataset.VariableLengthDatasetReader
.,io.jhdf.dataset,VariableLengthDatasetReader,fillData,16,4,5,86,0,io.jhdf.dataset.VariableLengthDatasetReader,io.jhdf.dataset.VariableLengthDatasetReader
.,io.jhdf.dataset,VariableLengthDatasetReader,fillStringData,15,4,4,102,0,io.jhdf.dataset.VariableLengthDatasetReader,io.jhdf.dataset.VariableLengthDatasetReader
.,io.jhdf.dataset,VariableLengthDatasetReader,getGlobalHeapIds,13,2,4,117,0,,
.,io.jhdf.dataset,VariableLengthDatasetReader,getTotalPoints,3,1,1,140,0,,
.,io.jhdf.dataset,BitfieldDatasetTest,setup,3,1,0,37,0,,
.,io.jhdf.dataset,BitfieldDatasetTest,tearDown,3,1,0,42,0,,
.,io.jhdf.dataset,BitfieldDatasetTest,testBitfieldDataset,3,1,0,47,0,,
.,io.jhdf.dataset,BitfieldDatasetTest,testBitfieldDataset,15,2,1,55,0,,
.,io.jhdf.dataset,BitfieldDatasetTest,test2DBitfieldDataset,16,2,0,76,1,,
.,io.jhdf.dataset,BitfieldDatasetTest,testScalarBitfieldDataset,13,1,0,101,1,,
.,io.jhdf.dataset,BitshuffleDatasetTest,setup,3,1,0,45,0,,
.,io.jhdf.dataset,BitshuffleDatasetTest,tearDown,3,1,0,50,0,,
.,io.jhdf.dataset,BitshuffleDatasetTest,testBitfieldDataset,3,1,0,55,0,,
.,io.jhdf.dataset,BitshuffleDatasetTest,testBitfieldDataset,13,1,1,62,0,,
.,io.jhdf.dataset,ByteShuffleChunkedDatasetTest,setup,4,1,0,47,0,,
.,io.jhdf.dataset,ByteShuffleChunkedDatasetTest,tearDown,4,1,0,53,0,,
.,io.jhdf.dataset,ByteShuffleChunkedDatasetTest,compressedChunkedDatasetReadTests,3,1,0,59,1,,
.,io.jhdf.dataset,ByteShuffleChunkedDatasetTest,createTest,20,2,3,78,0,,
.,io.jhdf.dataset,ChunkedDatasetTest,setup,4,1,0,42,0,,
.,io.jhdf.dataset,ChunkedDatasetTest,tearDown,4,1,0,48,0,,
.,io.jhdf.dataset,ChunkedDatasetTest,chunkedDatasetReadTests,3,1,0,54,1,,
.,io.jhdf.dataset,ChunkedDatasetTest,createTest,13,2,2,76,0,,
.,io.jhdf.dataset,ChunkedV4DatasetTest,setup,3,1,0,49,0,,
.,io.jhdf.dataset,ChunkedV4DatasetTest,tearDown,3,1,0,54,0,,
.,io.jhdf.dataset,ChunkedV4DatasetTest,verifyDatasets,5,1,0,59,1,,
.,io.jhdf.dataset,ChunkedV4DatasetTest,getAllDatasets,11,4,2,67,0,,
.,io.jhdf.dataset,ChunkedV4DatasetTest,verifyDataset,16,3,1,78,0,,
.,io.jhdf.dataset,ChunkedV4DatasetTest,testInvalidChunkOffsetThrows,6,1,0,94,1,,
.,io.jhdf.dataset,ChunkedV4DatasetTest,testGettingRawChunk,14,1,0,102,1,,
.,io.jhdf.dataset,CompactDatasetTest,setup,4,1,0,45,0,,
.,io.jhdf.dataset,CompactDatasetTest,tearDown,4,1,0,51,0,,
.,io.jhdf.dataset,CompactDatasetTest,chunkedDatasetReadTests,3,1,0,57,1,,
.,io.jhdf.dataset,CompactDatasetTest,createTest,15,2,2,79,0,,
.,io.jhdf.dataset,CompoundDatasetTest,setup,4,1,0,40,0,,
.,io.jhdf.dataset,CompoundDatasetTest,tearDown,4,1,0,46,0,,
.,io.jhdf.dataset,CompoundDatasetTest,test2dCompound,3,1,0,52,0,,
.,io.jhdf.dataset,CompoundDatasetTest,test2dCompound,13,1,1,61,0,,
.,io.jhdf.dataset,CompoundDatasetTest,testCompound,3,1,0,93,0,,
.,io.jhdf.dataset,CompoundDatasetTest,testCompound,21,1,1,102,0,,
.,io.jhdf.dataset,CompoundDatasetTest,testArrayVariableLength,3,1,0,144,0,,
.,io.jhdf.dataset,CompoundDatasetTest,testArrayVariableLength,12,1,1,153,0,,
.,io.jhdf.dataset,CompoundDatasetTest,testVariableLengthCompound,3,1,0,172,0,,
.,io.jhdf.dataset,CompoundDatasetTest,testVariableLengthCompound,19,1,1,181,0,,
.,io.jhdf.dataset,CompoundDatasetTest,testNestedCompound,3,1,0,207,0,,
.,io.jhdf.dataset,CompoundDatasetTest,testNestedCompound,17,1,1,216,0,,
.,io.jhdf.dataset,CompressedChunkedDatasetTest,setup,4,1,0,42,0,,
.,io.jhdf.dataset,CompressedChunkedDatasetTest,tearDown,4,1,0,48,0,,
.,io.jhdf.dataset,CompressedChunkedDatasetTest,compressedChunkedDatasetReadTests,4,1,0,54,1,,
.,io.jhdf.dataset,CompressedChunkedDatasetTest,createTest,14,2,3,74,0,,
.,io.jhdf.dataset,DatasetByAddressTest,setup,3,1,0,42,0,,
.,io.jhdf.dataset,DatasetByAddressTest,tearDown,3,1,0,47,0,,
.,io.jhdf.dataset,DatasetByAddressTest,scalarDatasetTests,3,1,0,52,1,,
.,io.jhdf.dataset,DatasetByAddressTest,createTest,14,2,2,68,0,,
.,io.jhdf.dataset,DatasetLoaderTest,testUnrecognisedDataLayoutMessage,8,1,0,30,1,,
.,io.jhdf.dataset,DatasetLoaderTest,testFailureToReadDataset,8,1,0,43,1,,
.,io.jhdf.dataset,EmptyDatasetTest,setup,4,1,0,40,0,,
.,io.jhdf.dataset,EmptyDatasetTest,tearDown,4,1,0,46,0,,
.,io.jhdf.dataset,EmptyDatasetTest,emptyDatasetTests,3,1,0,52,1,,
.,io.jhdf.dataset,EmptyDatasetTest,createTest,11,1,3,105,0,,
.,io.jhdf.dataset,EnumDatasetTest,setup,4,1,0,44,0,,
.,io.jhdf.dataset,EnumDatasetTest,tearDown,4,1,0,50,0,,
.,io.jhdf.dataset,EnumDatasetTest,earliest,5,1,0,56,1,,
.,io.jhdf.dataset,EnumDatasetTest,latest,5,1,0,64,1,,
.,io.jhdf.dataset,EnumDatasetTest,getAllDatasets,11,4,2,72,0,,
.,io.jhdf.dataset,EnumDatasetTest,verifyDataset,16,2,1,83,0,,
.,io.jhdf.dataset,FillValueDatasetTest,setup,4,1,0,38,0,,
.,io.jhdf.dataset,FillValueDatasetTest,tearDown,4,1,0,44,0,,
.,io.jhdf.dataset,FillValueDatasetTest,fillValueTests,3,1,0,50,1,,
.,io.jhdf.dataset,FillValueDatasetTest,createTest,9,1,4,83,0,,
.,io.jhdf.dataset,FloatSpecialValuesTest,setup,4,1,0,38,0,,
.,io.jhdf.dataset,FloatSpecialValuesTest,tearDown,4,1,0,44,0,,
.,io.jhdf.dataset,FloatSpecialValuesTest,specialFloatValuesTests,3,1,0,51,1,,
.,io.jhdf.dataset,FloatSpecialValuesTest,testDouble,12,1,2,72,0,,
.,io.jhdf.dataset,FloatSpecialValuesTest,testFloat,12,1,2,84,0,,
.,io.jhdf.dataset,Lz4DatasetTest,setup,3,1,0,45,0,,
.,io.jhdf.dataset,Lz4DatasetTest,tearDown,3,1,0,50,0,,
.,io.jhdf.dataset,Lz4DatasetTest,testBitfieldDataset,3,1,0,55,0,,
.,io.jhdf.dataset,Lz4DatasetTest,testBitfieldDataset,10,1,1,62,0,,
.,io.jhdf.dataset,MultidimensionalArrayDatasetTest,setup,3,1,0,44,0,,
.,io.jhdf.dataset,MultidimensionalArrayDatasetTest,tearDown,3,1,0,49,0,,
.,io.jhdf.dataset,MultidimensionalArrayDatasetTest,testGetData1,21,1,0,54,1,,
.,io.jhdf.dataset,MultidimensionalArrayDatasetTest,testGetData2,18,1,0,84,1,,
.,io.jhdf.dataset,MultidimensionalArrayDatasetTest,getAccessingArrayDataType,18,1,0,108,1,,
.,io.jhdf.dataset,OddDatasetTest,setup,4,1,0,39,0,,
.,io.jhdf.dataset,OddDatasetTest,tearDown,4,1,0,45,0,,
.,io.jhdf.dataset,OddDatasetTest,compressedChunkedDatasetReadTests,3,1,0,51,1,,
.,io.jhdf.dataset,OddDatasetTest,createTest,11,2,2,65,0,,
.,io.jhdf.dataset,OpaqueDatasetTest,setup,4,1,0,37,0,,
.,io.jhdf.dataset,OpaqueDatasetTest,tearDown,4,1,0,43,0,,
.,io.jhdf.dataset,OpaqueDatasetTest,toTimeStampString,3,1,1,49,0,,
.,io.jhdf.dataset,OpaqueDatasetTest,testTimestampsEarliest,13,1,0,53,1,,
.,io.jhdf.dataset,OpaqueDatasetTest,testTimestampsLatest,13,1,0,70,1,,
.,io.jhdf.dataset,OpaqueDatasetTest,test2DStringEarliest,15,3,0,87,1,,
.,io.jhdf.dataset,OpaqueDatasetTest,test2DStringLatest,15,3,0,106,1,,
.,io.jhdf.dataset,ScalarDatasetTest,setup,4,1,0,40,0,,
.,io.jhdf.dataset,ScalarDatasetTest,tearDown,4,1,0,46,0,,
.,io.jhdf.dataset,ScalarDatasetTest,scalarDatasetTests,3,1,0,52,1,,
.,io.jhdf.dataset,ScalarDatasetTest,createTest,10,1,3,105,0,,
.,io.jhdf.dataset,SlicingTest,beforeAll,4,1,0,32,0,,
.,io.jhdf.dataset,SlicingTest,test3DSliceIntDataset,24,1,0,38,1,,
.,io.jhdf.dataset,SlicingTest,test3DSliceFloatDataset,24,1,0,69,1,,
.,io.jhdf.dataset,SlicingTest,testInvalidSliceRequests,13,1,0,100,1,,
.,io.jhdf.dataset,SlicingTest,testEmptyDatasetThrows,4,1,0,125,1,,
.,io.jhdf.dataset,SlicingTest,testScalarDatasetThrows,4,1,0,131,1,,
.,io.jhdf.dataset,StringDatasetTest,setup,8,1,0,56,0,,
.,io.jhdf.dataset,StringDatasetTest,tearDown,8,1,0,66,0,,
.,io.jhdf.dataset,StringDatasetTest,stringDataset1DTests,3,1,0,76,1,,
.,io.jhdf.dataset,StringDatasetTest,createTest,12,2,2,101,0,,
.,io.jhdf.dataset,StringDatasetTest,test2DStringDatasetEarliest,9,2,0,115,1,,
.,io.jhdf.dataset,StringDatasetTest,test2DStringDatasetLatest,9,2,0,128,1,,
.,io.jhdf.dataset,StringDatasetTest,testUtf8FixedLengthDataset,9,1,0,141,1,,
.,io.jhdf.dataset,StringDatasetTest,testUtf8VariableLengthReusedDataset,9,1,0,166,1,,
.,io.jhdf.dataset,StringDatasetTest,testStringPaddedDataset,6,1,0,191,1,,
.,io.jhdf.dataset,StringDatasetTest,testMultiDimensionalFixedLengthDataset,8,1,0,200,1,,
.,io.jhdf.dataset,VariableLengthDatasetTest,setup,4,1,0,44,0,,
.,io.jhdf.dataset,VariableLengthDatasetTest,tearDown,4,1,0,50,0,,
.,io.jhdf.dataset,VariableLengthDatasetTest,compressedChunkedDatasetReadTests,3,1,0,56,1,,
.,io.jhdf.dataset,VariableLengthDatasetTest,createTest,18,2,2,107,0,,
.,io.jhdf.dataset,VariableLengthDatasetTest,issue247Earliest,11,1,0,134,1,,
.,io.jhdf.dataset,VariableLengthDatasetTest,issue247Latest,11,1,0,152,1,,
.,io.jhdf.examples,PrintTree,main,6,1,1,29,0,io.jhdf.examples.PrintTree,io.jhdf.examples.PrintTree
.,io.jhdf.examples,PrintTree,recursivePrintGroup,10,3,2,39,0,io.jhdf.examples.PrintTree,io.jhdf.examples.PrintTree
.,io.jhdf.examples,RawChunkAccess,main,17,2,1,26,0,,
.,io.jhdf.examples,ReadAttribute,main,8,1,1,26,0,,
.,io.jhdf.examples,ReadDataset,main,7,1,1,24,0,,
.,io.jhdf.examples,ReadFilters,main,7,1,1,26,0,,
.,io.jhdf.examples,PrintTreeTest,testOpeningV1File,3,1,0,18,1,,
.,io.jhdf.examples,PrintTreeTest,testOpeningV2File,3,1,0,24,1,,
.,io.jhdf.examples,RawChunkAccessTest,testChunkedV4,3,1,0,18,1,,
.,io.jhdf.examples,RawChunkAccessTest,testChunkedEarliest,3,1,0,25,1,,
.,io.jhdf.examples,RawChunkAccessTest,testChunkedLatest,3,1,0,32,1,,
.,io.jhdf.examples,ReadAttributeTest,testReadingAttributeEarliest,3,1,0,18,1,,
.,io.jhdf.examples,ReadAttributeTest,testReadingAttributeLatest,3,1,0,24,1,,
.,io.jhdf.examples,ReadDatasetTest,testOpeningV1File,3,1,0,18,1,,
.,io.jhdf.examples,ReadDatasetTest,testOpeningV2File,3,1,0,24,1,,
.,io.jhdf.examples,ReadFiltersTest,setUp,4,1,0,31,0,,
.,io.jhdf.examples,ReadFiltersTest,getTests,3,1,0,38,0,,
.,io.jhdf.examples,ReadFiltersTest,testReadFilters,6,1,3,45,0,,
.,io.jhdf.examples,TestAllFiles,createTest,9,1,1,62,0,,
.,io.jhdf.examples,TestAllFilesBase,allHdf5TestFiles,8,1,0,70,1,,
.,io.jhdf.examples,TestAllFilesBase,createTest,0,1,1,88,0,,
.,io.jhdf.examples,TestAllFilesBase,recurseGroup,13,4,1,90,0,,
.,io.jhdf.examples,TestAllFilesBase,verifyAttributes,29,6,1,103,0,,
.,io.jhdf.examples,TestAllFilesBase,verifyDataset,91,13,2,131,0,,
.,io.jhdf.examples,TestAllFilesBase,getType,8,2,1,249,0,,
.,io.jhdf.examples,TestAllFilesBase,verifyGroup,6,1,1,257,0,,
.,io.jhdf.examples,TestAllFilesInMemory,createTest,9,1,1,62,0,,
.,io.jhdf.exceptions,HdfBrokenLinkException,HdfBrokenLinkException,3,1,2,21,0,,
.,io.jhdf.exceptions,HdfChecksumMismatchException,HdfChecksumMismatchException,3,1,2,19,0,,
.,io.jhdf.exceptions,HdfException,HdfException,3,1,1,21,0,,
.,io.jhdf.exceptions,HdfException,HdfException,3,1,2,25,0,,
.,io.jhdf.exceptions,HdfFilterException,HdfFilterException,3,1,1,21,0,,
.,io.jhdf.exceptions,HdfFilterException,HdfFilterException,3,1,2,25,0,,
.,io.jhdf.exceptions,HdfInvalidPathException,HdfInvalidPathException,5,1,2,29,0,,
.,io.jhdf.exceptions,HdfInvalidPathException,getPath,3,1,0,35,0,,
.,io.jhdf.exceptions,HdfInvalidPathException,getFile,3,1,0,39,0,,
.,io.jhdf.exceptions,HdfInvalidPathException,getFileAsPath,3,1,0,43,0,,
.,io.jhdf.exceptions,HdfTypeException,HdfTypeException,3,1,1,14,0,,
.,io.jhdf.exceptions,InMemoryHdfException,InMemoryHdfException,3,1,0,20,0,,
.,io.jhdf.exceptions,InvalidSliceHdfException,InvalidSliceHdfException,6,1,4,19,0,,
.,io.jhdf.exceptions,InvalidSliceHdfException,getMessage,3,1,0,26,0,,
.,io.jhdf.exceptions,UnsupportedHdfException,UnsupportedHdfException,3,1,1,16,0,,
.,io.jhdf.exceptions,ExceptionsTest,testHdfException,5,1,0,25,1,,
.,io.jhdf.exceptions,ExceptionsTest,testHdfExceptionWithWrappedException,6,1,0,32,1,,
.,io.jhdf.exceptions,ExceptionsTest,testUnsupportedHdfException,5,1,0,40,1,,
.,io.jhdf.filter,BitShuffleFilter,initialize,3,1,0,34,0,,
.,io.jhdf.filter,BitShuffleFilter,getId,3,1,0,40,0,,
.,io.jhdf.filter,BitShuffleFilter,getName,3,1,0,45,0,,
.,io.jhdf.filter,BitShuffleFilter,decode,0,4,2,50,0,io.jhdf.filter.BitShuffleFilter,io.jhdf.filter.BitShuffleFilter
.,io.jhdf.filter,BitShuffleFilter,lz4Compression,35,5,2,68,0,io.jhdf.filter.BitShuffleFilter,io.jhdf.filter.BitShuffleFilter
.,io.jhdf.filter,BitShuffleFilter,noCompression,20,3,3,110,0,io.jhdf.filter.BitShuffleFilter,io.jhdf.filter.BitShuffleFilter
.,io.jhdf.filter,BitShuffleFilter,unshuffle,3,1,3,131,0,io.jhdf.filter.BitShuffleFilter,io.jhdf.filter.BitShuffleFilter
.,io.jhdf.filter,BitShuffleFilter,unshuffle,22,5,5,135,0,,
.,io.jhdf.filter,BitShuffleFilter,getDefaultBlockSize,5,1,1,165,0,,
.,io.jhdf.filter,ByteShuffleFilter,getId,3,1,0,14,0,,
.,io.jhdf.filter,ByteShuffleFilter,getName,3,1,0,19,0,,
.,io.jhdf.filter,ByteShuffleFilter,decode,19,5,2,24,0,,
.,io.jhdf.filter,DeflatePipelineFilter,getId,3,1,0,25,0,,
.,io.jhdf.filter,DeflatePipelineFilter,getName,3,1,0,30,0,,
.,io.jhdf.filter,DeflatePipelineFilter,decode,24,4,2,35,0,,
.,io.jhdf.filter,Filter,getId,0,1,0,21,0,,
.,io.jhdf.filter,Filter,getName,0,1,0,28,0,,
.,io.jhdf.filter,Filter,decode,0,1,2,35,0,,
.,io.jhdf.filter,FilterPipeline,FilterPipeline,2,1,0,31,0,,
.,io.jhdf.filter,FilterPipeline,addFilter,3,1,2,34,0,,
.,io.jhdf.filter,FilterPipeline,decode,7,2,1,38,0,,
.,io.jhdf.filter,FilterPipeline,toString,3,1,0,56,0,,
.,io.jhdf.filter,FilterPipeline,getFilters,3,1,0,63,0,,
.,io.jhdf.filter,FletcherChecksumFilter,getId,3,1,0,26,0,,
.,io.jhdf.filter,FletcherChecksumFilter,getName,3,1,0,31,0,,
.,io.jhdf.filter,FletcherChecksumFilter,decode,7,2,2,36,0,,
.,io.jhdf.filter,Lz4Filter,initialize,3,1,0,23,0,,
.,io.jhdf.filter,Lz4Filter,getId,3,1,0,29,0,,
.,io.jhdf.filter,Lz4Filter,getName,3,1,0,39,0,,
.,io.jhdf.filter,Lz4Filter,decode,30,4,2,49,0,,
.,io.jhdf.filter,LzfFilter,getId,3,1,0,18,0,,
.,io.jhdf.filter,LzfFilter,getName,3,1,0,28,0,,
.,io.jhdf.filter,LzfFilter,decode,15,2,2,38,0,,
.,io.jhdf.filter,PipelineFilterWithData,PipelineFilterWithData,4,1,2,19,0,,
.,io.jhdf.filter,PipelineFilterWithData,decode,3,1,1,24,0,,
.,io.jhdf.filter,PipelineFilterWithData,toString,3,1,0,28,0,,
.,io.jhdf.filter,PipelineFilterWithData,getName,3,1,0,33,0,,
.,io.jhdf.filter,PipelineFilterWithData,getId,3,1,0,37,0,,
.,io.jhdf.filter,PipelineFilterWithData,getFilterData,3,1,0,41,0,,
.,io.jhdf.filter,BitShuffleFilterTest,testCompareToReference,19,1,0,33,1,,
.,io.jhdf.filter,BitShuffleFilterTest,testCompareToReference2,19,1,0,60,1,,
.,io.jhdf.filter,BitShuffleFilterTest,testCompareToReference3,19,1,0,87,1,,
.,io.jhdf.filter,BitShuffleFilterTest,testCompareToReference4,20,1,0,114,1,,
.,io.jhdf.filter,BitShuffleFilterTest,testCompareToReference5,31,2,0,142,1,,
.,io.jhdf.filter,BitShuffleFilterTest,testCompareToReference6,31,1,0,181,1,,
.,io.jhdf.filter,BitShuffleFilterTest,unsupportedCompressionThrows,7,1,0,226,1,,
.,io.jhdf.filter,BitShuffleFilterTest,testLazyInitFailure,12,1,0,239,1,,
.,io.jhdf.filter,ByteShuffleFilterTest,testShuffleElementSize2,6,1,0,19,1,,
.,io.jhdf.filter,ByteShuffleFilterTest,testShuffleElementSize4,6,1,0,30,1,,
.,io.jhdf.filter,ByteShuffleFilterTest,testShuffleWithSingleValue,6,1,0,39,1,,
.,io.jhdf.filter,ByteShuffleFilterTest,testShuffleWithMismatchedLength,6,1,0,50,1,,
.,io.jhdf.filter,DeflatePipelineFilterTest,decodeWorks,12,1,0,28,1,,
.,io.jhdf.filter,DeflatePipelineFilterTest,decodeZeroLengthThrows,4,1,0,47,1,,
.,io.jhdf.filter,DeflatePipelineFilterTest,decodeMalformedThrows,4,1,0,53,1,,
.,io.jhdf.filter,Lz4FilterTest,testLazyInitFailure,12,1,0,24,1,,
.,io.jhdf.filter,MissingFilterTest,setup,3,1,0,32,0,,
.,io.jhdf.filter,MissingFilterTest,tearDown,3,1,0,37,0,,
.,io.jhdf.filter,MissingFilterTest,testMissingFilter,7,1,0,42,1,,
.,io.jhdf.links,AbstractLink,AbstractLink,4,1,2,36,0,,
.,io.jhdf.links,AbstractLink,getParent,3,1,0,41,0,,
.,io.jhdf.links,AbstractLink,getName,3,1,0,46,0,,
.,io.jhdf.links,AbstractLink,getPath,3,1,0,51,0,,
.,io.jhdf.links,AbstractLink,getAttributes,3,1,0,56,0,,
.,io.jhdf.links,AbstractLink,getAttribute,3,1,1,61,0,,
.,io.jhdf.links,AbstractLink,getType,3,1,0,66,0,,
.,io.jhdf.links,AbstractLink,isGroup,3,1,0,71,0,,
.,io.jhdf.links,AbstractLink,getFile,3,1,0,76,0,,
.,io.jhdf.links,AbstractLink,getFileAsPath,3,1,0,81,0,,
.,io.jhdf.links,AbstractLink,getHdfFile,3,1,0,86,0,,
.,io.jhdf.links,AbstractLink,isLink,3,1,0,91,0,,
.,io.jhdf.links,AbstractLink,getAddress,3,1,0,96,0,,
.,io.jhdf.links,AbstractLink,isBrokenLink,9,1,0,101,0,,
.,io.jhdf.links,AbstractLink,isAttributeCreationOrderTracked,3,1,0,111,0,,
.,io.jhdf.links,ExternalLink,ExternalLink,6,1,4,33,0,,
.,io.jhdf.links,ExternalLink,getTarget,8,1,0,63,0,,
.,io.jhdf.links,ExternalLink,getTargetPath,3,1,0,75,0,,
.,io.jhdf.links,ExternalLink,toString,3,1,0,80,0,,
.,io.jhdf.links,SoftLink,SoftLink,5,1,3,26,0,,
.,io.jhdf.links,SoftLink,getTarget,8,1,0,40,0,,
.,io.jhdf.links,SoftLink,getTargetPath,3,1,0,50,0,,
.,io.jhdf.links,SoftLink,toString,3,1,0,55,0,,
.,io.jhdf.links,LinksTest,setUp,5,1,0,43,0,,
.,io.jhdf.links,LinksTest,tearDown,3,1,0,50,0,,
.,io.jhdf.links,LinksTest,testSoftLink,21,1,0,55,1,,
.,io.jhdf.links,LinksTest,testSoftLinkWithInvalidPath,6,1,0,80,1,,
.,io.jhdf.links,LinksTest,testExternalLink,18,1,0,89,1,,
.,io.jhdf.links,LinksTest,testExternalLinkWithInvalidPath,6,1,0,111,1,,
.,io.jhdf.links,LinksTest,testExternalLinkWithInvalidFile,6,1,0,121,1,,
.,io.jhdf.links,LinksTest,testTraversingSoftLinkToDataset,5,1,0,131,1,,
.,io.jhdf.links,LinksTest,testTraversingHardLinkToDataset,5,1,0,138,1,,
.,io.jhdf.links,LinksTest,testTraversingExternalLinkToDataset,4,1,0,145,1,,
.,io.jhdf.object.datatype,ArrayDataType,ArrayDataType,15,4,1,27,0,,
.,io.jhdf.object.datatype,ArrayDataType,getJavaType,3,1,0,50,0,,
.,io.jhdf.object.datatype,ArrayDataType,getBaseType,3,1,0,55,0,,
.,io.jhdf.object.datatype,ArrayDataType,getArrayTypeDimensions,3,1,0,59,0,,
.,io.jhdf.object.datatype,ArrayDataType,fillData,4,1,3,67,0,io.jhdf.object.datatype.ArrayDataType,io.jhdf.object.datatype.ArrayDataType
.,io.jhdf.object.datatype,BitField,BitField,13,2,1,27,0,,
.,io.jhdf.object.datatype,BitField,getByteOrder,3,1,0,43,0,,
.,io.jhdf.object.datatype,BitField,isLowPadding,3,1,0,48,0,,
.,io.jhdf.object.datatype,BitField,isHighPadding,3,1,0,52,0,,
.,io.jhdf.object.datatype,BitField,getBitOffset,3,1,0,56,0,,
.,io.jhdf.object.datatype,BitField,getBitPrecision,3,1,0,60,0,,
.,io.jhdf.object.datatype,BitField,getJavaType,3,1,0,64,0,,
.,io.jhdf.object.datatype,BitField,fillData,5,1,3,69,0,io.jhdf.object.datatype.BitField,io.jhdf.object.datatype.BitField
.,io.jhdf.object.datatype,BitField,fillBitfieldData,13,4,3,76,0,io.jhdf.object.datatype.BitField,io.jhdf.object.datatype.BitField
.,io.jhdf.object.datatype,CompoundDataType,CompoundDataType,41,9,1,32,0,,
.,io.jhdf.object.datatype,CompoundDataType,getJavaType,3,1,0,89,0,,
.,io.jhdf.object.datatype,CompoundDataType,getMembers,3,1,0,94,0,,
.,io.jhdf.object.datatype,CompoundDataType,fillData,3,1,3,98,0,,
.,io.jhdf.object.datatype,DataType,readDataType,0,13,1,27,0,,
.,io.jhdf.object.datatype,DataType,DataType,9,1,1,72,0,,
.,io.jhdf.object.datatype,DataType,getVersion,3,1,0,87,0,,
.,io.jhdf.object.datatype,DataType,getDataClass,3,1,0,91,0,,
.,io.jhdf.object.datatype,DataType,getSize,3,1,0,95,0,,
.,io.jhdf.object.datatype,DataType,getJavaType,0,1,0,104,0,,
.,io.jhdf.object.datatype,DataType,fillData,0,1,3,111,0,,
.,io.jhdf.object.datatype,EnumDataType,EnumDataType,31,7,1,32,0,,
.,io.jhdf.object.datatype,EnumDataType,getJavaType,3,1,0,70,0,,
.,io.jhdf.object.datatype,EnumDataType,getBaseType,3,1,0,75,0,,
.,io.jhdf.object.datatype,EnumDataType,getEnumMapping,3,1,0,79,0,,
.,io.jhdf.object.datatype,EnumDataType,fillData,3,1,3,83,0,,
.,io.jhdf.object.datatype,FixedPoint,FixedPoint,14,2,1,33,0,,
.,io.jhdf.object.datatype,FixedPoint,getByteOrder,3,1,0,50,0,,
.,io.jhdf.object.datatype,FixedPoint,isLowPadding,3,1,0,55,0,,
.,io.jhdf.object.datatype,FixedPoint,isHighPadding,3,1,0,59,0,,
.,io.jhdf.object.datatype,FixedPoint,isSigned,3,1,0,63,0,,
.,io.jhdf.object.datatype,FixedPoint,getBitOffset,3,1,0,67,0,,
.,io.jhdf.object.datatype,FixedPoint,getBitPrecision,3,1,0,71,0,,
.,io.jhdf.object.datatype,FixedPoint,getJavaType,0,10,0,75,0,,
.,io.jhdf.object.datatype,FixedPoint,fillData,0,10,3,105,0,io.jhdf.object.datatype.FixedPoint,io.jhdf.object.datatype.FixedPoint
.,io.jhdf.object.datatype,FixedPoint,fillData,11,3,3,151,0,,
.,io.jhdf.object.datatype,FixedPoint,fillData,11,3,3,162,0,,
.,io.jhdf.object.datatype,FixedPoint,fillData,11,3,3,173,0,,
.,io.jhdf.object.datatype,FixedPoint,fillData,11,3,3,184,0,,
.,io.jhdf.object.datatype,FixedPoint,fillDataUnsigned,16,4,3,197,0,io.jhdf.object.datatype.FixedPoint,io.jhdf.object.datatype.FixedPoint
.,io.jhdf.object.datatype,FixedPoint,fillDataUnsigned,16,4,3,214,0,,
.,io.jhdf.object.datatype,FixedPoint,fillDataUnsigned,16,4,3,231,0,,
.,io.jhdf.object.datatype,FixedPoint,fillDataUnsigned,18,4,3,248,0,,
.,io.jhdf.object.datatype,FloatingPoint,FloatingPoint,24,3,1,44,0,,
.,io.jhdf.object.datatype,FloatingPoint,getByteOrder,3,1,0,75,0,,
.,io.jhdf.object.datatype,FloatingPoint,isLowPadding,3,1,0,80,0,,
.,io.jhdf.object.datatype,FloatingPoint,isHighPadding,3,1,0,84,0,,
.,io.jhdf.object.datatype,FloatingPoint,isInternalPadding,3,1,0,88,0,,
.,io.jhdf.object.datatype,FloatingPoint,getMantissaNormalization,3,1,0,92,0,,
.,io.jhdf.object.datatype,FloatingPoint,getSignLocation,3,1,0,96,0,,
.,io.jhdf.object.datatype,FloatingPoint,getBitOffset,3,1,0,100,0,,
.,io.jhdf.object.datatype,FloatingPoint,getBitPrecision,3,1,0,104,0,,
.,io.jhdf.object.datatype,FloatingPoint,getExponentLocation,3,1,0,108,0,,
.,io.jhdf.object.datatype,FloatingPoint,getExponentSize,3,1,0,112,0,,
.,io.jhdf.object.datatype,FloatingPoint,getMantissaLocation,3,1,0,116,0,,
.,io.jhdf.object.datatype,FloatingPoint,getMantissaSize,3,1,0,120,0,,
.,io.jhdf.object.datatype,FloatingPoint,getExponentBias,3,1,0,124,0,,
.,io.jhdf.object.datatype,FloatingPoint,getJavaType,0,4,0,128,0,,
.,io.jhdf.object.datatype,FloatingPoint,fillData,0,4,3,141,0,io.jhdf.object.datatype.FloatingPoint,io.jhdf.object.datatype.FloatingPoint
.,io.jhdf.object.datatype,FloatingPoint,fillData,15,4,3,162,0,io.jhdf.object.datatype.FloatingPoint,io.jhdf.object.datatype.FloatingPoint
.,io.jhdf.object.datatype,FloatingPoint,toFloat,18,5,1,177,0,,
.,io.jhdf.object.datatype,FloatingPoint,fillData,11,3,3,208,0,,
.,io.jhdf.object.datatype,FloatingPoint,fillData,11,3,3,219,0,,
.,io.jhdf.object.datatype,OpaqueDataType,OpaqueDataType,5,1,1,29,0,,
.,io.jhdf.object.datatype,OpaqueDataType,getAsciiTag,3,1,0,37,0,,
.,io.jhdf.object.datatype,OpaqueDataType,getJavaType,3,1,0,41,0,,
.,io.jhdf.object.datatype,OpaqueDataType,fillData,7,1,3,46,0,io.jhdf.object.datatype.OpaqueDataType,io.jhdf.object.datatype.OpaqueDataType
.,io.jhdf.object.datatype,OpaqueDataType,fillOpaquedData,15,4,4,57,0,io.jhdf.object.datatype.OpaqueDataType,io.jhdf.object.datatype.OpaqueDataType
.,io.jhdf.object.datatype,OrderedDataType,getByteOrder,0,1,0,16,0,,
.,io.jhdf.object.datatype,Reference,Reference,0,3,1,49,0,,
.,io.jhdf.object.datatype,Reference,getType,3,1,0,66,0,,
.,io.jhdf.object.datatype,Reference,getJavaType,6,2,0,70,0,,
.,io.jhdf.object.datatype,Reference,fillData,5,1,3,79,0,io.jhdf.object.datatype.Reference,io.jhdf.object.datatype.Reference
.,io.jhdf.object.datatype,Reference,fillData,13,4,3,86,0,,
.,io.jhdf.object.datatype,StringData,fillData,5,1,3,36,0,io.jhdf.object.datatype.StringData,io.jhdf.object.datatype.StringData
.,io.jhdf.object.datatype,StringData,fillFixedLengthStringData,15,4,6,43,0,io.jhdf.object.datatype.StringData,io.jhdf.object.datatype.StringData
.,io.jhdf.object.datatype,StringData,PaddingType,3,1,1,65,0,,
.,io.jhdf.object.datatype,StringData,StringData,0,6,1,70,0,,
.,io.jhdf.object.datatype,StringData,getPaddingType,3,1,0,101,0,,
.,io.jhdf.object.datatype,StringData,getStringPaddingHandler,3,1,0,105,0,,
.,io.jhdf.object.datatype,StringData,getCharset,3,1,0,109,0,,
.,io.jhdf.object.datatype,StringData,getJavaType,3,1,0,113,0,,
.,io.jhdf.object.datatype,StringData,toString,3,1,0,159,0,,
.,io.jhdf.object.datatype,VariableLength,VariableLength,0,6,1,29,0,,
.,io.jhdf.object.datatype,VariableLength,isVariableLengthString,3,1,0,64,0,,
.,io.jhdf.object.datatype,VariableLength,getType,3,1,0,68,0,,
.,io.jhdf.object.datatype,VariableLength,getPaddingType,6,2,0,72,0,io.jhdf.object.datatype.VariableLength,io.jhdf.object.datatype.VariableLength
.,io.jhdf.object.datatype,VariableLength,getEncoding,6,2,0,79,0,io.jhdf.object.datatype.VariableLength,io.jhdf.object.datatype.VariableLength
.,io.jhdf.object.datatype,VariableLength,getParent,3,1,0,86,0,,
.,io.jhdf.object.datatype,VariableLength,getJavaType,8,2,0,90,0,io.jhdf.object.datatype.VariableLength,io.jhdf.object.datatype.VariableLength
.,io.jhdf.object.datatype,VariableLength,fillData,3,1,3,99,0,,
.,io.jhdf.object.datatype,FixedPointTest,mockFixedPoint,8,1,2,69,0,,
.,io.jhdf.object.datatype,FixedPointTest,createByteBuffer,9,2,1,78,0,,
.,io.jhdf.object.datatype,FixedPointTest,createShortBuffer,9,2,1,88,0,,
.,io.jhdf.object.datatype,FixedPointTest,createIntBuffer,9,2,1,98,0,,
.,io.jhdf.object.datatype,FixedPointTest,createLongBuffer,9,2,1,108,0,,
.,io.jhdf.object.datatype,FixedPointTest,datasetReadTests,3,1,0,118,1,,
.,io.jhdf.object.datatype,FixedPointTest,createTest,10,1,4,131,0,,
.,io.jhdf.object.datatype,FixedPointTest,testUnsupportedFixedPointLengthThrows,6,1,0,141,1,,
.,io.jhdf.object.datatype,FixedPointTest,testUnsupportedUnsignedFixedPointLengthThrows,6,1,0,149,1,,
.,io.jhdf.object.datatype,FloatingPointTest,createFloatBuffer,9,2,1,50,0,,
.,io.jhdf.object.datatype,FloatingPointTest,createDoubleBuffer,9,2,1,60,0,,
.,io.jhdf.object.datatype,FloatingPointTest,mockFloatingPoint,7,1,1,70,0,,
.,io.jhdf.object.datatype,FloatingPointTest,datasetReadTests,3,1,0,78,1,,
.,io.jhdf.object.datatype,FloatingPointTest,createTest,10,1,4,85,0,,
.,io.jhdf.object.datatype,FloatingPointTest,testUnsupportedFloatingPointLengthThrows,6,1,0,95,1,,
.,io.jhdf.object.datatype,FloatingPointTest,testHalfPrecisionFloats,3,1,0,103,0,,
.,io.jhdf.object.datatype,FloatingPointTest,testHalfPrecisionFloats,3,1,2,128,0,,
.,io.jhdf.object.datatype,ReferenceTest,mockReference,5,1,1,45,0,,
.,io.jhdf.object.datatype,ReferenceTest,datasetReadTests,3,1,0,51,1,,
.,io.jhdf.object.datatype,ReferenceTest,createTest,10,1,4,58,0,,
.,io.jhdf.object.datatype,ReferenceTest,testUnsupportedReferenceLengthThrows,6,1,0,69,1,,
.,io.jhdf.object.datatype,StringDataTest,testNullTerminated,12,1,0,28,1,,
.,io.jhdf.object.datatype,StringDataTest,testNullTerminatedWithFullBuffer,10,1,0,47,1,,
.,io.jhdf.object.datatype,StringDataTest,testNullPadded,13,1,0,65,1,,
.,io.jhdf.object.datatype,StringDataTest,testSpacePadded,10,1,0,86,1,,
.,io.jhdf.object.datatype,StringDataTest,testNullPaddedEmptyString,12,2,0,104,1,,
.,io.jhdf.object.datatype,StringDataTest,testSpacePaddedEmptyString,10,1,0,123,1,,
.,io.jhdf.object.message,AttributeInfoMessage,AttributeInfoMessage,22,4,3,42,0,,
.,io.jhdf.object.message,AttributeInfoMessage,getMaximumCreationIndex,3,1,0,69,0,,
.,io.jhdf.object.message,AttributeInfoMessage,getFractalHeapAddress,3,1,0,73,0,,
.,io.jhdf.object.message,AttributeInfoMessage,getAttributeNameBTreeAddress,3,1,0,77,0,,
.,io.jhdf.object.message,AttributeInfoMessage,getAttributeCreationOrderBTreeAddress,3,1,0,81,0,,
.,io.jhdf.object.message,AttributeMessage,AttributeMessage,0,13,3,37,0,,
.,io.jhdf.object.message,AttributeMessage,readSharedMessage,5,1,3,124,0,,
.,io.jhdf.object.message,AttributeMessage,getVersion,3,1,0,130,0,,
.,io.jhdf.object.message,AttributeMessage,getName,3,1,0,134,0,,
.,io.jhdf.object.message,AttributeMessage,getDataType,3,1,0,138,0,,
.,io.jhdf.object.message,AttributeMessage,getDataSpace,3,1,0,142,0,,
.,io.jhdf.object.message,AttributeMessage,getDataBuffer,8,2,0,146,0,,
.,io.jhdf.object.message,AttributeMessage,toString,3,1,0,155,0,,
.,io.jhdf.object.message,BTreeKValuesMessage,BTreeKValuesMessage,10,2,2,36,0,,
.,io.jhdf.object.message,BTreeKValuesMessage,getIndexedStorageInternalNodeK,3,1,0,49,0,,
.,io.jhdf.object.message,BTreeKValuesMessage,getGroupInternalNodeK,3,1,0,53,0,,
.,io.jhdf.object.message,BTreeKValuesMessage,getGroupLeafNodeK,3,1,0,57,0,,
.,io.jhdf.object.message,DataLayoutMessage,DataLayoutMessage,3,1,1,24,0,,
.,io.jhdf.object.message,DataLayoutMessage,getDataLayout,0,1,0,28,0,,
.,io.jhdf.object.message,DataLayoutMessage,createDataLayoutMessage,0,5,3,30,0,io.jhdf.object.message.DataLayoutMessage,io.jhdf.object.message.DataLayoutMessage
.,io.jhdf.object.message,DataLayoutMessage,readV1V2Message,0,7,3,45,0,,
.,io.jhdf.object.message,DataLayoutMessage,readV3V4Message,0,6,4,84,0,,
.,io.jhdf.object.message,DataSpace,DataSpace,42,8,2,30,0,,
.,io.jhdf.object.message,DataSpace,readDataSpace,3,1,2,82,0,,
.,io.jhdf.object.message,DataSpace,getTotalLength,3,1,0,86,0,,
.,io.jhdf.object.message,DataSpace,getType,3,1,0,95,0,,
.,io.jhdf.object.message,DataSpace,getVersion,3,1,0,99,0,,
.,io.jhdf.object.message,DataSpace,getDimensions,3,1,0,103,0,,
.,io.jhdf.object.message,DataSpace,getMaxSizes,3,1,0,107,0,,
.,io.jhdf.object.message,DataSpace,isMaxSizesPresent,3,1,0,111,0,,
.,io.jhdf.object.message,DataSpaceMessage,DataSpaceMessage,4,1,3,34,0,,
.,io.jhdf.object.message,DataSpaceMessage,getDataSpace,3,1,0,40,0,,
.,io.jhdf.object.message,DataTypeMessage,DataTypeMessage,4,1,2,21,0,,
.,io.jhdf.object.message,DataTypeMessage,getDataType,3,1,0,27,0,,
.,io.jhdf.object.message,FillValueMessage,FillValueMessage,40,6,2,40,0,,
.,io.jhdf.object.message,FillValueMessage,isFillValueDefined,3,1,0,79,0,,
.,io.jhdf.object.message,FillValueMessage,getSpaceAllocationTime,3,1,0,83,0,,
.,io.jhdf.object.message,FillValueMessage,getFillValueWriteTime,3,1,0,87,0,,
.,io.jhdf.object.message,FillValueMessage,getFillValue,3,1,0,91,0,,
.,io.jhdf.object.message,FillValueOldMessage,FillValueOldMessage,5,1,2,34,0,,
.,io.jhdf.object.message,FillValueOldMessage,getFillValue,3,1,0,41,0,,
.,io.jhdf.object.message,FilterPipelineMessage,FilterPipelineMessage,40,8,2,41,0,,
.,io.jhdf.object.message,FilterPipelineMessage,getFilters,3,1,0,99,0,,
.,io.jhdf.object.message,GroupInfoMessage,GroupInfoMessage,24,4,2,41,0,,
.,io.jhdf.object.message,GroupInfoMessage,getMaximumCompactLinks,3,1,0,68,0,,
.,io.jhdf.object.message,GroupInfoMessage,getMinimumDenseLinks,3,1,0,72,0,,
.,io.jhdf.object.message,GroupInfoMessage,getEstimatedNumberOfEntries,3,1,0,76,0,,
.,io.jhdf.object.message,GroupInfoMessage,getEstimatedLengthOfEntryName,3,1,0,80,0,,
.,io.jhdf.object.message,LinkInfoMessage,LinkInfoMessage,19,3,3,30,0,,
.,io.jhdf.object.message,LinkInfoMessage,getVersion,3,1,0,53,0,,
.,io.jhdf.object.message,LinkInfoMessage,getMaximumCreationIndex,3,1,0,57,0,,
.,io.jhdf.object.message,LinkInfoMessage,getFractalHeapAddress,3,1,0,61,0,,
.,io.jhdf.object.message,LinkInfoMessage,getBTreeNameIndexAddress,3,1,0,65,0,,
.,io.jhdf.object.message,LinkInfoMessage,getBTreeCreationOrderIndexAddress,3,1,0,69,0,,
.,io.jhdf.object.message,LinkInfoMessage,isLinkCreationOrderTracked,3,1,0,73,0,,
.,io.jhdf.object.message,LinkMessage,fromInt,0,4,1,28,0,,
.,io.jhdf.object.message,LinkMessage,fromBuffer,3,1,2,55,0,,
.,io.jhdf.object.message,LinkMessage,LinkMessage,0,14,3,59,0,,
.,io.jhdf.object.message,LinkMessage,getVersion,3,1,0,149,0,,
.,io.jhdf.object.message,LinkMessage,getLinkType,3,1,0,153,0,,
.,io.jhdf.object.message,LinkMessage,getCreationOrder,3,1,0,157,0,,
.,io.jhdf.object.message,LinkMessage,getLinkName,3,1,0,161,0,,
.,io.jhdf.object.message,LinkMessage,getHardLinkAddress,8,2,0,165,0,,
.,io.jhdf.object.message,LinkMessage,getSoftLink,8,2,0,173,0,,
.,io.jhdf.object.message,LinkMessage,getExternalFile,8,2,0,181,0,,
.,io.jhdf.object.message,LinkMessage,getExternalPath,8,2,0,189,0,,
.,io.jhdf.object.message,Message,Message,3,1,1,37,0,,
.,io.jhdf.object.message,Message,readObjectHeaderV1Message,14,2,2,41,0,io.jhdf.object.message.Message,io.jhdf.object.message.Message
.,io.jhdf.object.message,Message,readObjectHeaderV2Message,15,3,3,64,0,io.jhdf.object.message.Message,io.jhdf.object.message.Message
.,io.jhdf.object.message,Message,readMessage,0,24,4,86,0,,
.,io.jhdf.object.message,Message,isMessageDataConstant,3,1,0,140,0,,
.,io.jhdf.object.message,Message,isMessageShared,3,1,0,144,0,,
.,io.jhdf.object.message,Message,isMessageNotShared,3,1,0,148,0,,
.,io.jhdf.object.message,Message,isFailOnUnknownTypeWithWrite,3,1,0,152,0,,
.,io.jhdf.object.message,Message,isFlagToBeSetOnUnknownType,3,1,0,156,0,,
.,io.jhdf.object.message,Message,isObjectModifiedWithoutUnderstandingOfThisMessage,3,1,0,160,0,,
.,io.jhdf.object.message,Message,isMessageShareable,3,1,0,164,0,,
.,io.jhdf.object.message,Message,isAlwaysFailOnUnknownType,3,1,0,168,0,,
.,io.jhdf.object.message,NilMessage,NilMessage,4,1,2,30,0,,
.,io.jhdf.object.message,ObjectCommentMessage,ObjectCommentMessage,4,1,2,34,0,,
.,io.jhdf.object.message,ObjectCommentMessage,getComment,3,1,0,40,0,,
.,io.jhdf.object.message,ObjectHeaderContinuationMessage,ObjectHeaderContinuationMessage,5,1,3,36,0,,
.,io.jhdf.object.message,ObjectHeaderContinuationMessage,getOffset,3,1,0,43,0,,
.,io.jhdf.object.message,ObjectHeaderContinuationMessage,getLength,3,1,0,47,0,,
.,io.jhdf.object.message,ObjectModificationTimeMessage,ObjectModificationTimeMessage,9,2,2,37,0,,
.,io.jhdf.object.message,ObjectModificationTimeMessage,getModifiedTime,3,1,0,52,0,,
.,io.jhdf.object.message,ObjectModificationTimeMessage,getUnixEpocSecond,3,1,0,56,0,,
.,io.jhdf.object.message,ObjectReferenceCountMessage,ObjectReferenceCountMessage,8,2,2,21,0,,
.,io.jhdf.object.message,ObjectReferenceCountMessage,getReferenceCount,3,1,0,32,0,,
.,io.jhdf.object.message,OldObjectModificationTimeMessage,OldObjectModificationTimeMessage,17,1,2,38,0,,
.,io.jhdf.object.message,OldObjectModificationTimeMessage,getModifiedTime,3,1,0,65,0,,
.,io.jhdf.object.message,SharedMessage,SharedMessage,14,4,2,36,0,,
.,io.jhdf.object.message,SharedMessage,getObjectHeaderAddress,3,1,0,56,0,,
.,io.jhdf.object.message,SymbolTableMessage,SymbolTableMessage,5,1,3,36,0,,
.,io.jhdf.object.message,SymbolTableMessage,getBTreeAddress,3,1,0,43,0,,
.,io.jhdf.object.message,SymbolTableMessage,getLocalHeapAddress,3,1,0,47,0,,
.,io.jhdf.object.message,AttributeMessageV1Test,setUp,10,1,0,39,0,,
.,io.jhdf.object.message,AttributeMessageV1Test,after,4,1,0,51,0,,
.,io.jhdf.object.message,AttributeMessageV1Test,test,8,1,0,57,1,,
.,io.jhdf.object.message,AttributeMessageV3Test,setUp,10,1,0,41,0,,
.,io.jhdf.object.message,AttributeMessageV3Test,after,4,1,0,53,0,,
.,io.jhdf.object.message,AttributeMessageV3Test,test,9,1,0,59,1,,
.,io.jhdf.object.message,FillValueOldMessageTest,testCreatingAndReadingMessage,10,1,0,25,1,,
.,io.jhdf.object.message,ObjectCommentMessageTest,createBuffer,8,1,0,31,0,,
.,io.jhdf.object.message,ObjectCommentMessageTest,testObjectModificationTimeMessage,4,1,0,41,1,,
.,io.jhdf.object.message,ObjectModificationTimeMessageTest,createBuffer,10,1,0,33,0,,
.,io.jhdf.object.message,ObjectModificationTimeMessageTest,testObjectModificationTimeMessage,5,1,0,45,1,,
.,io.jhdf.object.message,ObjectModificationTimeMessageTest,testObjectModificationTimeMessageInvalidVersion,4,1,0,52,1,,
.,io.jhdf.storage,HdfBackingStorage,readBufferFromAddress,0,1,2,23,0,,
.,io.jhdf.storage,HdfBackingStorage,map,0,1,2,25,0,,
.,io.jhdf.storage,HdfBackingStorage,mapNoOffset,0,1,2,27,0,,
.,io.jhdf.storage,HdfBackingStorage,getUserBlockSize,0,1,0,29,0,,
.,io.jhdf.storage,HdfBackingStorage,getSuperblock,0,1,0,31,0,,
.,io.jhdf.storage,HdfBackingStorage,getFileChannel,0,1,0,33,0,,
.,io.jhdf.storage,HdfBackingStorage,getSizeOfOffsets,0,1,0,35,0,,
.,io.jhdf.storage,HdfBackingStorage,getSizeOfLengths,0,1,0,37,0,,
.,io.jhdf.storage,HdfBackingStorage,close,0,1,0,39,0,,
.,io.jhdf.storage,HdfBackingStorage,size,0,1,0,41,0,,
.,io.jhdf.storage,HdfBackingStorage,inMemory,0,1,0,43,0,,
.,io.jhdf.storage,HdfFileChannel,HdfFileChannel,4,1,2,37,0,,
.,io.jhdf.storage,HdfFileChannel,readBufferFromAddress,9,1,2,42,0,io.jhdf.storage.HdfFileChannel,io.jhdf.storage.HdfFileChannel
.,io.jhdf.storage,HdfFileChannel,map,3,1,2,64,0,io.jhdf.storage.HdfFileChannel,io.jhdf.storage.HdfFileChannel
.,io.jhdf.storage,HdfFileChannel,mapNoOffset,17,2,2,69,0,io.jhdf.storage.HdfFileChannel,io.jhdf.storage.HdfFileChannel
.,io.jhdf.storage,HdfFileChannel,readBufferNoOffset,14,3,2,89,0,,
.,io.jhdf.storage,HdfFileChannel,getUserBlockSize,3,1,0,104,0,,
.,io.jhdf.storage,HdfFileChannel,getSuperblock,3,1,0,109,0,,
.,io.jhdf.storage,HdfFileChannel,getFileChannel,3,1,0,114,0,,
.,io.jhdf.storage,HdfFileChannel,getSizeOfOffsets,3,1,0,119,0,,
.,io.jhdf.storage,HdfFileChannel,getSizeOfLengths,3,1,0,124,0,,
.,io.jhdf.storage,HdfFileChannel,close,8,1,0,129,0,,
.,io.jhdf.storage,HdfFileChannel,size,8,1,0,138,0,,
.,io.jhdf.storage,HdfFileChannel,inMemory,3,1,0,147,0,,
.,io.jhdf.storage,HdfInMemoryByteBuffer,HdfInMemoryByteBuffer,4,1,2,25,0,,
.,io.jhdf.storage,HdfInMemoryByteBuffer,readBufferFromAddress,3,1,2,30,0,io.jhdf.storage.HdfInMemoryByteBuffer,io.jhdf.storage.HdfInMemoryByteBuffer
.,io.jhdf.storage,HdfInMemoryByteBuffer,map,3,1,2,35,0,io.jhdf.storage.HdfInMemoryByteBuffer,io.jhdf.storage.HdfInMemoryByteBuffer
.,io.jhdf.storage,HdfInMemoryByteBuffer,mapNoOffset,5,1,2,40,0,,
.,io.jhdf.storage,HdfInMemoryByteBuffer,getUserBlockSize,3,1,0,48,0,,
.,io.jhdf.storage,HdfInMemoryByteBuffer,getSuperblock,3,1,0,53,0,,
.,io.jhdf.storage,HdfInMemoryByteBuffer,getFileChannel,3,1,0,58,0,,
.,io.jhdf.storage,HdfInMemoryByteBuffer,getSizeOfOffsets,3,1,0,63,0,,
.,io.jhdf.storage,HdfInMemoryByteBuffer,getSizeOfLengths,3,1,0,68,0,,
.,io.jhdf.storage,HdfInMemoryByteBuffer,close,2,1,0,73,0,,
.,io.jhdf.storage,HdfInMemoryByteBuffer,size,3,1,0,78,0,,
.,io.jhdf.storage,HdfInMemoryByteBuffer,inMemory,3,1,0,83,0,,
.,io.jhdf.attribute,CompoundScalarAttributeTest,setup,3,1,0,33,0,,
.,io.jhdf.attribute,CompoundScalarAttributeTest,tearDown,3,1,0,38,0,,
.,io.jhdf.attribute,CompoundScalarAttributeTest,testReadAttribute,15,1,0,43,1,,
.,io.jhdf.nio,NioPathTest,setup,10,1,0,66,0,io.jhdf.nio.NioPathTest,io.jhdf.nio.NioPathTest
.,io.jhdf.nio,NioPathTest,shutdown,5,2,0,78,0,io.jhdf.nio.NioPathTest,io.jhdf.nio.NioPathTest
.,io.jhdf.nio,NioPathTest,testNonDefaultFileSystemAccess,8,1,1,85,0,io.jhdf.nio.NioPathTest,io.jhdf.nio.NioPathTest
.,io.jhdf.nio,NioPathTest,compareStructure,5,1,2,96,0,io.jhdf.nio.NioPathTest,io.jhdf.nio.NioPathTest
.,io.jhdf.nio,NioPathTest,compareNodes,35,6,2,103,0,io.jhdf.nio.NioPathTest,io.jhdf.nio.NioPathTest
.,io.jhdf.nio,NioPathTest,compareAttributes,10,1,2,143,0,,
.,io.jhdf.nio,NioPathTest,compareLinks,5,1,2,155,0,,
.,io.jhdf.nio,NioPathTest,compareGroups,14,2,2,162,0,io.jhdf.nio.NioPathTest,io.jhdf.nio.NioPathTest
.,io.jhdf.nio,NioPathTest,compareDatasets,18,1,2,180,0,io.jhdf.nio.NioPathTest,io.jhdf.nio.NioPathTest
.,io.jhdf.nio,NioPathTest,compareDataTypes,6,1,3,201,0,,
.,io.jhdf.nio,NioPathTest,getTestFileNames,12,3,0,208,0,,
.,io.jhdf.nio,NioPathTest,delete,10,3,1,221,0,io.jhdf.nio.NioPathTest,io.jhdf.nio.NioPathTest
.,io.jhdf.nio,NioPathTest,copyFiles,11,3,2,232,0,,
.,io.jhdf.nio,NioPathTest,getPathToResource,12,2,1,244,0,,
.,io.jhdf.nio,NioPathTest,createZipFileSystem,5,1,1,256,0,io.jhdf.nio.NioPathTest,io.jhdf.nio.NioPathTest
.,io.jhdf.nio,NioPathTest,openZipFileSystem,5,1,1,262,0,,
