Project Name,Package Name,Type Name,NOF,NOPF,NOM,NOPM,LOC,WMC,NC,DIT,LCOM,FANIN,FANOUT,File path,Line no
.,io.jhdf.benchmarks,MemoryMapBenchmark,2,1,4,4,30,4,0,0,0.0,0,0,D:\Dalhousie\Summer 2023\Software Engineering\Assignment\Assignment3\jhdf\jhdf\.\src\jmh\java\io\jhdf\benchmarks\MemoryMapBenchmark.java,38
.,io.jhdf,AbstractNode,8,0,15,13,100,15,2,0,0.2,0,6,D:\Dalhousie\Summer 2023\Software Engineering\Assignment\Assignment3\jhdf\jhdf\.\src\main\java\io\jhdf\AbstractNode.java,37
.,io.jhdf,AbstractNode.AttributesLazyInitializer,1,0,0,0,26,0,0,0,-1.0,0,1,D:\Dalhousie\Summer 2023\Software Engineering\Assignment\Assignment3\jhdf\jhdf\.\src\main\java\io\jhdf\AbstractNode.java,40
.,io.jhdf,AttributeImpl,5,0,11,11,56,14,0,0,0.0,0,5,D:\Dalhousie\Summer 2023\Software Engineering\Assignment\Assignment3\jhdf\jhdf\.\src\main\java\io\jhdf\AttributeImpl.java,25
.,io.jhdf,CommittedDatatype,0,0,3,3,16,3,0,1,-1.0,2,4,D:\Dalhousie\Summer 2023\Software Engineering\Assignment\Assignment3\jhdf\jhdf\.\src\main\java\io\jhdf\CommittedDatatype.java,20
.,io.jhdf,Constants,4,4,1,0,16,1,0,0,0.0,19,0,D:\Dalhousie\Summer 2023\Software Engineering\Assignment\Assignment3\jhdf\jhdf\.\src\main\java\io\jhdf\Constants.java,12
.,io.jhdf,FractalHeap,38,0,22,21,0,38,0,0,0.0,1,5,D:\Dalhousie\Summer 2023\Software Engineering\Assignment\Assignment3\jhdf\jhdf\.\src\main\java\io\jhdf\FractalHeap.java,41
.,io.jhdf,FractalHeap.IndirectBlock,1,0,0,0,44,0,0,0,-1.0,0,0,D:\Dalhousie\Summer 2023\Software Engineering\Assignment\Assignment3\jhdf\jhdf\.\src\main\java\io\jhdf\FractalHeap.java,247
.,io.jhdf,FractalHeap.DirectBlock,4,0,0,0,41,0,0,0,-1.0,0,0,D:\Dalhousie\Summer 2023\Software Engineering\Assignment\Assignment3\jhdf\jhdf\.\src\main\java\io\jhdf\FractalHeap.java,310
.,io.jhdf,GlobalHeap,7,0,4,4,82,10,0,0,0.0,2,1,D:\Dalhousie\Summer 2023\Software Engineering\Assignment\Assignment3\jhdf\jhdf\.\src\main\java\io\jhdf\GlobalHeap.java,25
.,io.jhdf,GlobalHeap.GlobalHeapObject,3,0,0,0,16,0,0,0,-1.0,0,0,D:\Dalhousie\Summer 2023\Software Engineering\Assignment\Assignment3\jhdf\jhdf\.\src\main\java\io\jhdf\GlobalHeap.java,86
.,io.jhdf,GroupImpl,4,0,13,9,0,19,0,1,0.23076923076923078,2,9,D:\Dalhousie\Summer 2023\Software Engineering\Assignment\Assignment3\jhdf\jhdf\.\src\main\java\io\jhdf\GroupImpl.java,43
.,io.jhdf,GroupImpl.ChildrenLazyInitializer,2,0,0,0,0,0,0,0,-1.0,0,3,D:\Dalhousie\Summer 2023\Software Engineering\Assignment\Assignment3\jhdf\jhdf\.\src\main\java\io\jhdf\GroupImpl.java,44
.,io.jhdf,GroupSymbolTableNode,6,0,5,5,50,7,0,0,0.0,1,2,D:\Dalhousie\Summer 2023\Software Engineering\Assignment\Assignment3\jhdf\jhdf\.\src\main\java\io\jhdf\GroupSymbolTableNode.java,24
.,io.jhdf,HdfFile,5,0,36,34,291,54,0,0,0.25,36,14,D:\Dalhousie\Summer 2023\Software Engineering\Assignment\Assignment3\jhdf\jhdf\.\src\main\java\io\jhdf\HdfFile.java,52
.,io.jhdf,LocalHeap,8,0,7,7,55,8,0,0,0.0,1,2,D:\Dalhousie\Summer 2023\Software Engineering\Assignment\Assignment3\jhdf\jhdf\.\src\main\java\io\jhdf\LocalHeap.java,21
.,io.jhdf,ObjectHeader,19,0,12,10,256,15,2,0,0.4166666666666667,16,1,D:\Dalhousie\Summer 2023\Software Engineering\Assignment\Assignment3\jhdf\jhdf\.\src\main\java\io\jhdf\ObjectHeader.java,31
.,io.jhdf,ObjectHeader.ObjectHeaderV1,2,0,0,0,54,0,0,1,-1.0,0,0,D:\Dalhousie\Summer 2023\Software Engineering\Assignment\Assignment3\jhdf\jhdf\.\src\main\java\io\jhdf\ObjectHeader.java,82
.,io.jhdf,ObjectHeader.ObjectHeaderV2,14,0,0,0,143,0,0,1,-1.0,0,0,D:\Dalhousie\Summer 2023\Software Engineering\Assignment\Assignment3\jhdf\jhdf\.\src\main\java\io\jhdf\ObjectHeader.java,166
.,io.jhdf,Superblock,24,0,11,8,0,21,2,0,0.6363636363636364,27,2,D:\Dalhousie\Summer 2023\Software Engineering\Assignment\Assignment3\jhdf\jhdf\.\src\main\java\io\jhdf\Superblock.java,32
.,io.jhdf,Superblock.SuperblockV0V1,13,0,0,0,183,0,0,1,-1.0,0,0,D:\Dalhousie\Summer 2023\Software Engineering\Assignment\Assignment3\jhdf\jhdf\.\src\main\java\io\jhdf\Superblock.java,149
.,io.jhdf,Superblock.SuperblockV2V3,8,0,0,0,124,0,0,1,-1.0,0,1,D:\Dalhousie\Summer 2023\Software Engineering\Assignment\Assignment3\jhdf\jhdf\.\src\main\java\io\jhdf\Superblock.java,431
.,io.jhdf,SymbolTableEntry,8,0,9,9,0,12,0,0,0.0,3,2,D:\Dalhousie\Summer 2023\Software Engineering\Assignment\Assignment3\jhdf\jhdf\.\src\main\java\io\jhdf\SymbolTableEntry.java,20
.,io.jhdf,Utils,2,0,19,16,0,59,0,0,0.8947368421052632,46,1,D:\Dalhousie\Summer 2023\Software Engineering\Assignment\Assignment3\jhdf\jhdf\.\src\main\java\io\jhdf\Utils.java,24
.,io.jhdf,AttributesTest,37,0,7,0,99,11,0,0,0.2857142857142857,0,1,D:\Dalhousie\Summer 2023\Software Engineering\Assignment\Assignment3\jhdf\jhdf\.\src\test\java\io\jhdf\AttributesTest.java,33
.,io.jhdf,CommittedDatatypeTest,2,0,4,0,23,4,0,0,0.5,0,5,D:\Dalhousie\Summer 2023\Software Engineering\Assignment\Assignment3\jhdf\jhdf\.\src\test\java\io\jhdf\CommittedDatatypeTest.java,31
.,io.jhdf,DatasetImplTest,14,0,22,0,130,22,0,0,0.0,0,4,D:\Dalhousie\Summer 2023\Software Engineering\Assignment\Assignment3\jhdf\jhdf\.\src\test\java\io\jhdf\DatasetImplTest.java,34
.,io.jhdf,FractalHeapTest,1,0,5,0,49,5,0,0,0.0,0,4,D:\Dalhousie\Summer 2023\Software Engineering\Assignment\Assignment3\jhdf\jhdf\.\src\test\java\io\jhdf\FractalHeapTest.java,30
.,io.jhdf,GlobalHeapTest,3,0,10,0,54,10,0,0,0.2,0,7,D:\Dalhousie\Summer 2023\Software Engineering\Assignment\Assignment3\jhdf\jhdf\.\src\test\java\io\jhdf\GlobalHeapTest.java,36
.,io.jhdf,GroupSymbolTableNodeTest,1,0,3,0,19,3,0,0,0.0,0,3,D:\Dalhousie\Summer 2023\Software Engineering\Assignment\Assignment3\jhdf\jhdf\.\src\test\java\io\jhdf\GroupSymbolTableNodeTest.java,29
.,io.jhdf,GroupTest,3,0,8,0,56,8,0,0,0.0,0,7,D:\Dalhousie\Summer 2023\Software Engineering\Assignment\Assignment3\jhdf\jhdf\.\src\test\java\io\jhdf\GroupTest.java,37
.,io.jhdf,HdfFileChannelTest,3,0,11,0,58,11,0,0,0.0,0,3,D:\Dalhousie\Summer 2023\Software Engineering\Assignment\Assignment3\jhdf\jhdf\.\src\test\java\io\jhdf\HdfFileChannelTest.java,38
.,io.jhdf,HdfFileTest,8,0,34,0,271,40,0,0,0.14705882352941177,0,11,D:\Dalhousie\Summer 2023\Software Engineering\Assignment\Assignment3\jhdf\jhdf\.\src\test\java\io\jhdf\HdfFileTest.java,53
.,io.jhdf,JenkinsLookup3HashLittleTest,0,0,3,0,13,3,0,0,-1.0,0,1,D:\Dalhousie\Summer 2023\Software Engineering\Assignment\Assignment3\jhdf\jhdf\.\src\test\java\io\jhdf\JenkinsLookup3HashLittleTest.java,24
.,io.jhdf,LargeAttributesTest,4,0,3,0,25,4,0,0,0.0,0,2,D:\Dalhousie\Summer 2023\Software Engineering\Assignment\Assignment3\jhdf\jhdf\.\src\test\java\io\jhdf\LargeAttributesTest.java,26
.,io.jhdf,LargeGroupTest,0,0,2,0,22,3,0,0,-1.0,0,1,D:\Dalhousie\Summer 2023\Software Engineering\Assignment\Assignment3\jhdf\jhdf\.\src\test\java\io\jhdf\LargeGroupTest.java,29
.,io.jhdf,LocalHeapTest,1,0,4,0,27,4,0,0,0.0,0,4,D:\Dalhousie\Summer 2023\Software Engineering\Assignment\Assignment3\jhdf\jhdf\.\src\test\java\io\jhdf\LocalHeapTest.java,30
.,io.jhdf,NoInstancesTest,0,0,2,0,8,2,0,0,-1.0,0,9,D:\Dalhousie\Summer 2023\Software Engineering\Assignment\Assignment3\jhdf\jhdf\.\src\test\java\io\jhdf\NoInstancesTest.java,28
.,io.jhdf,ObjectHeaderTest,3,0,7,0,71,7,0,0,0.0,0,3,D:\Dalhousie\Summer 2023\Software Engineering\Assignment\Assignment3\jhdf\jhdf\.\src\test\java\io\jhdf\ObjectHeaderTest.java,37
.,io.jhdf,ObjectHeaderV2Test,2,0,9,0,119,9,0,0,0.2222222222222222,0,3,D:\Dalhousie\Summer 2023\Software Engineering\Assignment\Assignment3\jhdf\jhdf\.\src\test\java\io\jhdf\ObjectHeaderV2Test.java,30
.,io.jhdf,OrderedGroupTest,4,0,4,0,22,4,0,0,0.0,0,3,D:\Dalhousie\Summer 2023\Software Engineering\Assignment\Assignment3\jhdf\jhdf\.\src\test\java\io\jhdf\OrderedGroupTest.java,22
.,io.jhdf,SuperblockTest,2,0,7,0,50,7,0,0,0.0,0,4,D:\Dalhousie\Summer 2023\Software Engineering\Assignment\Assignment3\jhdf\jhdf\.\src\test\java\io\jhdf\SuperblockTest.java,32
.,io.jhdf,SuperblockV3Test,2,0,6,0,33,6,0,0,0.0,0,3,D:\Dalhousie\Summer 2023\Software Engineering\Assignment\Assignment3\jhdf\jhdf\.\src\test\java\io\jhdf\SuperblockV3Test.java,29
.,io.jhdf,SymbolTableEntryTest,1,0,3,0,21,3,0,0,0.0,0,3,D:\Dalhousie\Summer 2023\Software Engineering\Assignment\Assignment3\jhdf\jhdf\.\src\test\java\io\jhdf\SymbolTableEntryTest.java,29
.,io.jhdf,TestUtils,0,0,5,3,39,9,0,0,-1.0,6,1,D:\Dalhousie\Summer 2023\Software Engineering\Assignment\Assignment3\jhdf\jhdf\.\src\test\java\io\jhdf\TestUtils.java,20
.,io.jhdf,UserBlockTest,4,0,4,0,28,4,0,0,0.0,0,1,D:\Dalhousie\Summer 2023\Software Engineering\Assignment\Assignment3\jhdf\jhdf\.\src\test\java\io\jhdf\UserBlockTest.java,25
.,io.jhdf,UtilsTest,0,0,48,0,278,51,0,0,-1.0,0,2,D:\Dalhousie\Summer 2023\Software Engineering\Assignment\Assignment3\jhdf\jhdf\.\src\test\java\io\jhdf\UtilsTest.java,32
.,io.jhdf.api,Attribute,0,0,10,0,63,10,0,0,-1.0,7,1,D:\Dalhousie\Summer 2023\Software Engineering\Assignment\Assignment3\jhdf\jhdf\.\src\main\java\io\jhdf\api\Attribute.java,23
.,io.jhdf.api,Dataset,0,0,17,0,95,17,0,1,-1.0,22,0,D:\Dalhousie\Summer 2023\Software Engineering\Assignment\Assignment3\jhdf\jhdf\.\src\main\java\io\jhdf\api\Dataset.java,20
.,io.jhdf.api,Group,0,0,5,0,37,5,0,1,-1.0,26,2,D:\Dalhousie\Summer 2023\Software Engineering\Assignment\Assignment3\jhdf\jhdf\.\src\main\java\io\jhdf\api\Group.java,17
.,io.jhdf.api,Link,0,0,3,0,22,3,0,1,-1.0,3,1,D:\Dalhousie\Summer 2023\Software Engineering\Assignment\Assignment3\jhdf\jhdf\.\src\main\java\io\jhdf\api\Link.java,14
.,io.jhdf.api,Node,0,0,13,0,72,13,3,0,-1.0,14,3,D:\Dalhousie\Summer 2023\Software Engineering\Assignment\Assignment3\jhdf\jhdf\.\src\main\java\io\jhdf\api\Node.java,18
.,io.jhdf.api,NodeType,0,0,0,0,1,0,0,0,-1.0,11,0,D:\Dalhousie\Summer 2023\Software Engineering\Assignment\Assignment3\jhdf\jhdf\.\src\main\java\io\jhdf\api\NodeType.java,12
.,io.jhdf.api.dataset,ChunkedDataset,0,0,2,0,18,2,0,0,-1.0,3,0,D:\Dalhousie\Summer 2023\Software Engineering\Assignment\Assignment3\jhdf\jhdf\.\src\main\java\io\jhdf\api\dataset\ChunkedDataset.java,17
.,io.jhdf.api.dataset,ContiguousDataset,0,0,2,0,16,2,0,0,-1.0,1,0,D:\Dalhousie\Summer 2023\Software Engineering\Assignment\Assignment3\jhdf\jhdf\.\src\main\java\io\jhdf\api\dataset\ContiguousDataset.java,16
.,io.jhdf.btree,BTreeV1,7,0,9,8,77,14,2,0,0.2222222222222222,1,4,D:\Dalhousie\Summer 2023\Software Engineering\Assignment\Assignment3\jhdf\jhdf\.\src\main\java\io\jhdf\btree\BTreeV1.java,23
.,io.jhdf.btree,BTreeV1Data,2,0,2,1,83,2,2,1,1.0,2,1,D:\Dalhousie\Summer 2023\Software Engineering\Assignment\Assignment3\jhdf\jhdf\.\src\main\java\io\jhdf\btree\BTreeV1Data.java,26
.,io.jhdf.btree,BTreeV1Data.BTreeV1DataLeafNode,1,0,0,0,38,0,0,2,-1.0,0,0,D:\Dalhousie\Summer 2023\Software Engineering\Assignment\Assignment3\jhdf\jhdf\.\src\main\java\io\jhdf\btree\BTreeV1Data.java,42
.,io.jhdf.btree,BTreeV1Data.BTreeV1DataNonLeafNode,1,0,0,0,32,0,0,2,-1.0,0,0,D:\Dalhousie\Summer 2023\Software Engineering\Assignment\Assignment3\jhdf\jhdf\.\src\main\java\io\jhdf\btree\BTreeV1Data.java,93
.,io.jhdf.btree,BTreeV1Group,2,0,1,0,52,1,2,1,0.0,2,1,D:\Dalhousie\Summer 2023\Software Engineering\Assignment\Assignment3\jhdf\jhdf\.\src\main\java\io\jhdf\btree\BTreeV1Group.java,19
.,io.jhdf.btree,BTreeV1Group.BTreeV1GroupLeafNode,1,0,0,0,19,0,0,2,-1.0,0,0,D:\Dalhousie\Summer 2023\Software Engineering\Assignment\Assignment3\jhdf\jhdf\.\src\main\java\io\jhdf\btree\BTreeV1Group.java,30
.,io.jhdf.btree,BTreeV1Group.BTreeV1GroupNonLeafNode,1,0,0,0,24,0,0,2,-1.0,0,0,D:\Dalhousie\Summer 2023\Software Engineering\Assignment\Assignment3\jhdf\jhdf\.\src\main\java\io\jhdf\btree\BTreeV1Group.java,59
.,io.jhdf.btree,BTreeV2,9,0,8,4,129,19,0,0,0.0,2,4,D:\Dalhousie\Summer 2023\Software Engineering\Assignment\Assignment3\jhdf\jhdf\.\src\main\java\io\jhdf\btree\BTreeV2.java,31
.,io.jhdf.btree,BTreeV1Test,1,0,6,0,36,6,0,0,0.0,0,6,D:\Dalhousie\Summer 2023\Software Engineering\Assignment\Assignment3\jhdf\jhdf\.\src\test\java\io\jhdf\btree\BTreeV1Test.java,35
.,io.jhdf.btree.record,AttributeNameForIndexedAttributesRecord,4,0,5,5,27,6,0,1,0.0,0,1,D:\Dalhousie\Summer 2023\Software Engineering\Assignment\Assignment3\jhdf\jhdf\.\src\main\java\io\jhdf\btree\record\AttributeNameForIndexedAttributesRecord.java,18
.,io.jhdf.btree.record,BTreeDatasetChunkRecord,0,0,1,1,3,1,2,1,-1.0,0,0,D:\Dalhousie\Summer 2023\Software Engineering\Assignment\Assignment3\jhdf\jhdf\.\src\main\java\io\jhdf\btree\record\BTreeDatasetChunkRecord.java,14
.,io.jhdf.btree.record,BTreeRecord,0,0,1,1,0,13,4,0,-1.0,1,1,D:\Dalhousie\Summer 2023\Software Engineering\Assignment\Assignment3\jhdf\jhdf\.\src\main\java\io\jhdf\btree\record\BTreeRecord.java,18
.,io.jhdf.btree.record,FilteredDatasetChunks,1,0,2,2,21,3,0,2,0.0,0,3,D:\Dalhousie\Summer 2023\Software Engineering\Assignment\Assignment3\jhdf\jhdf\.\src\main\java\io\jhdf\btree\record\FilteredDatasetChunks.java,20
.,io.jhdf.btree.record,HugeFractalHeapObjectUnfilteredRecord,3,0,4,4,22,5,0,1,0.0,1,1,D:\Dalhousie\Summer 2023\Software Engineering\Assignment\Assignment3\jhdf\jhdf\.\src\main\java\io\jhdf\btree\record\HugeFractalHeapObjectUnfilteredRecord.java,17
.,io.jhdf.btree.record,LinkNameForIndexedGroupRecord,2,0,3,3,17,4,0,1,0.0,1,1,D:\Dalhousie\Summer 2023\Software Engineering\Assignment\Assignment3\jhdf\jhdf\.\src\main\java\io\jhdf\btree\record\LinkNameForIndexedGroupRecord.java,17
.,io.jhdf.btree.record,NonFilteredDatasetChunks,1,0,2,2,18,3,0,2,0.0,0,3,D:\Dalhousie\Summer 2023\Software Engineering\Assignment\Assignment3\jhdf\jhdf\.\src\main\java\io\jhdf\btree\record\NonFilteredDatasetChunks.java,19
.,io.jhdf.btree.record,BTreeRecordTest,0,0,2,0,14,2,0,0,-1.0,0,3,D:\Dalhousie\Summer 2023\Software Engineering\Assignment\Assignment3\jhdf\jhdf\.\src\test\java\io\jhdf\btree\record\BTreeRecordTest.java,18
.,io.jhdf.btree.record,LinkNameForIndexedGroupRecordTest,0,0,2,0,18,2,0,0,-1.0,0,2,D:\Dalhousie\Summer 2023\Software Engineering\Assignment\Assignment3\jhdf\jhdf\.\src\test\java\io\jhdf\btree\record\LinkNameForIndexedGroupRecordTest.java,22
.,io.jhdf.checksum,ChecksumUtils,0,0,4,3,26,5,0,0,-1.0,6,1,D:\Dalhousie\Summer 2023\Software Engineering\Assignment\Assignment3\jhdf\jhdf\.\src\main\java\io\jhdf\checksum\ChecksumUtils.java,16
.,io.jhdf.checksum,JenkinsLookup3HashLittle,1,0,6,4,0,20,0,0,0.6666666666666666,3,0,D:\Dalhousie\Summer 2023\Software Engineering\Assignment\Assignment3\jhdf\jhdf\.\src\main\java\io\jhdf\checksum\JenkinsLookup3HashLittle.java,17
.,io.jhdf.checksum,ChecksumUtilsTest,3,0,3,0,23,3,0,0,0.0,0,2,D:\Dalhousie\Summer 2023\Software Engineering\Assignment\Assignment3\jhdf\jhdf\.\src\test\java\io\jhdf\checksum\ChecksumUtilsTest.java,22
.,io.jhdf.dataset.chunked,Chunk,0,0,4,0,18,4,0,0,-1.0,4,0,D:\Dalhousie\Summer 2023\Software Engineering\Assignment\Assignment3\jhdf\jhdf\.\src\main\java\io\jhdf\dataset\chunked\Chunk.java,14
.,io.jhdf.dataset.chunked,ChunkedDatasetBase,2,0,18,7,193,34,2,0,0.1111111111111111,0,7,D:\Dalhousie\Summer 2023\Software Engineering\Assignment\Assignment3\jhdf\jhdf\.\src\main\java\io\jhdf\dataset\chunked\ChunkedDatasetBase.java,37
.,io.jhdf.dataset.chunked,ChunkedDatasetBase.FilterPipelineLazyInitializer,0,0,0,0,15,0,0,0,-1.0,0,1,D:\Dalhousie\Summer 2023\Software Engineering\Assignment\Assignment3\jhdf\jhdf\.\src\main\java\io\jhdf\dataset\chunked\ChunkedDatasetBase.java,264
.,io.jhdf.dataset.chunked,ChunkedDatasetV3,3,0,3,2,36,3,0,1,0.0,0,4,D:\Dalhousie\Summer 2023\Software Engineering\Assignment\Assignment3\jhdf\jhdf\.\src\main\java\io\jhdf\dataset\chunked\ChunkedDatasetV3.java,32
.,io.jhdf.dataset.chunked,ChunkedDatasetV3.ChunkLookupLazyInitializer,0,0,0,0,11,0,0,0,-1.0,0,1,D:\Dalhousie\Summer 2023\Software Engineering\Assignment\Assignment3\jhdf\jhdf\.\src\main\java\io\jhdf\dataset\chunked\ChunkedDatasetV3.java,68
.,io.jhdf.dataset.chunked,ChunkedDatasetV4,3,0,3,2,0,3,0,1,0.0,0,4,D:\Dalhousie\Summer 2023\Software Engineering\Assignment\Assignment3\jhdf\jhdf\.\src\main\java\io\jhdf\dataset\chunked\ChunkedDatasetV4.java,38
.,io.jhdf.dataset.chunked,ChunkedDatasetV4.ChunkLookupLazyInitializer,0,0,0,0,0,0,0,0,-1.0,0,1,D:\Dalhousie\Summer 2023\Software Engineering\Assignment\Assignment3\jhdf\jhdf\.\src\main\java\io\jhdf\dataset\chunked\ChunkedDatasetV4.java,69
.,io.jhdf.dataset.chunked,ChunkOffset,1,0,4,4,22,6,0,0,0.0,2,0,D:\Dalhousie\Summer 2023\Software Engineering\Assignment\Assignment3\jhdf\jhdf\.\src\main\java\io\jhdf\dataset\chunked\ChunkOffset.java,14
.,io.jhdf.dataset.chunked,DatasetInfo,3,0,4,4,23,4,0,0,0.0,8,0,D:\Dalhousie\Summer 2023\Software Engineering\Assignment\Assignment3\jhdf\jhdf\.\src\main\java\io\jhdf\dataset\chunked\DatasetInfo.java,14
.,io.jhdf.dataset.chunked,ChunkOffsetTest,0,0,2,0,15,2,0,0,-1.0,0,1,D:\Dalhousie\Summer 2023\Software Engineering\Assignment\Assignment3\jhdf\jhdf\.\src\test\java\io\jhdf\dataset\chunked\ChunkOffsetTest.java,19
.,io.jhdf.dataset.chunked.indexing,BTreeIndex,1,0,2,2,13,2,0,1,0.0,0,3,D:\Dalhousie\Summer 2023\Software Engineering\Assignment\Assignment3\jhdf\jhdf\.\src\main\java\io\jhdf\dataset\chunked\indexing\BTreeIndex.java,22
.,io.jhdf.dataset.chunked.indexing,ChunkImpl,5,0,7,7,31,7,0,0,0.0,1,0,D:\Dalhousie\Summer 2023\Software Engineering\Assignment\Assignment3\jhdf\jhdf\.\src\main\java\io\jhdf\dataset\chunked\indexing\ChunkImpl.java,18
.,io.jhdf.dataset.chunked.indexing,ChunkIndex,0,0,1,0,3,1,5,0,-1.0,0,0,D:\Dalhousie\Summer 2023\Software Engineering\Assignment\Assignment3\jhdf\jhdf\.\src\main\java\io\jhdf\dataset\chunked\indexing\ChunkIndex.java,16
.,io.jhdf.dataset.chunked.indexing,EmptyChunkIndex,0,0,1,1,5,1,0,1,-1.0,0,0,D:\Dalhousie\Summer 2023\Software Engineering\Assignment\Assignment3\jhdf\jhdf\.\src\main\java\io\jhdf\dataset\chunked\indexing\EmptyChunkIndex.java,17
.,io.jhdf.dataset.chunked.indexing,ExtensibleArrayIndex,32,0,3,2,257,7,0,1,0.0,2,5,D:\Dalhousie\Summer 2023\Software Engineering\Assignment\Assignment3\jhdf\jhdf\.\src\main\java\io\jhdf\dataset\chunked\indexing\ExtensibleArrayIndex.java,31
.,io.jhdf.dataset.chunked.indexing,ExtensibleArrayIndex.ExtensibleArrayIndexBlock,0,0,0,0,123,0,0,0,-1.0,0,0,D:\Dalhousie\Summer 2023\Software Engineering\Assignment\Assignment3\jhdf\jhdf\.\src\main\java\io\jhdf\dataset\chunked\indexing\ExtensibleArrayIndex.java,129
.,io.jhdf.dataset.chunked.indexing,ExtensibleArrayIndex.ExtensibleArrayDataBlock,0,0,0,0,27,0,0,0,-1.0,0,0,D:\Dalhousie\Summer 2023\Software Engineering\Assignment\Assignment3\jhdf\jhdf\.\src\main\java\io\jhdf\dataset\chunked\indexing\ExtensibleArrayIndex.java,191
.,io.jhdf.dataset.chunked.indexing,ExtensibleArrayIndex.ExtensibleArraySecondaryBlock,0,0,0,0,34,0,0,0,-1.0,0,0,D:\Dalhousie\Summer 2023\Software Engineering\Assignment\Assignment3\jhdf\jhdf\.\src\main\java\io\jhdf\dataset\chunked\indexing\ExtensibleArrayIndex.java,237
.,io.jhdf.dataset.chunked.indexing,ExtensibleArrayIndex.ExtensibleArrayCounter,5,0,0,0,32,0,0,0,-1.0,0,0,D:\Dalhousie\Summer 2023\Software Engineering\Assignment\Assignment3\jhdf\jhdf\.\src\main\java\io\jhdf\dataset\chunked\indexing\ExtensibleArrayIndex.java,332
.,io.jhdf.dataset.chunked.indexing,ExtensibleArrayIndex.ExtensibleArraySecondaryBlockPointerCounter,3,0,0,0,18,0,0,0,-1.0,0,0,D:\Dalhousie\Summer 2023\Software Engineering\Assignment\Assignment3\jhdf\jhdf\.\src\main\java\io\jhdf\dataset\chunked\indexing\ExtensibleArrayIndex.java,376
.,io.jhdf.dataset.chunked.indexing,FixedArrayIndex,12,0,2,2,87,4,0,1,0.0,0,4,D:\Dalhousie\Summer 2023\Software Engineering\Assignment\Assignment3\jhdf\jhdf\.\src\main\java\io\jhdf\dataset\chunked\indexing\FixedArrayIndex.java,27
.,io.jhdf.dataset.chunked.indexing,FixedArrayIndex.FixedArrayDataBlock,0,0,0,0,44,0,0,0,-1.0,0,0,D:\Dalhousie\Summer 2023\Software Engineering\Assignment\Assignment3\jhdf\jhdf\.\src\main\java\io\jhdf\dataset\chunked\indexing\FixedArrayIndex.java,86
.,io.jhdf.dataset.chunked.indexing,SingleChunkIndex,1,0,2,2,15,3,0,1,0.0,0,3,D:\Dalhousie\Summer 2023\Software Engineering\Assignment\Assignment3\jhdf\jhdf\.\src\main\java\io\jhdf\dataset\chunked\indexing\SingleChunkIndex.java,19
.,io.jhdf.dataset.chunked.indexing,ExtensibleArrayCounterTest,0,0,3,0,58,3,0,0,-1.0,0,1,D:\Dalhousie\Summer 2023\Software Engineering\Assignment\Assignment3\jhdf\jhdf\.\src\test\java\io\jhdf\dataset\chunked\indexing\ExtensibleArrayCounterTest.java,18
.,io.jhdf.dataset.chunked.indexing,ExtensibleArraySecondaryBlockPointerCounter,0,0,2,0,32,2,0,0,-1.0,1,1,D:\Dalhousie\Summer 2023\Software Engineering\Assignment\Assignment3\jhdf\jhdf\.\src\test\java\io\jhdf\dataset\chunked\indexing\ExtensibleArraySecondaryBlockPointerCounter.java,18
.,io.jhdf.dataset,CompactDataset,0,0,4,4,16,4,0,1,-1.0,0,3,D:\Dalhousie\Summer 2023\Software Engineering\Assignment\Assignment3\jhdf\jhdf\.\src\main\java\io\jhdf\dataset\CompactDataset.java,23
.,io.jhdf.dataset,CompoundDatasetReader,0,0,2,1,23,4,0,0,-1.0,2,3,D:\Dalhousie\Summer 2023\Software Engineering\Assignment\Assignment3\jhdf\jhdf\.\src\main\java\io\jhdf\dataset\CompoundDatasetReader.java,22
.,io.jhdf.dataset,ContiguousDatasetImpl,1,0,8,7,53,10,0,1,0.25,0,4,D:\Dalhousie\Summer 2023\Software Engineering\Assignment\Assignment3\jhdf\jhdf\.\src\main\java\io\jhdf\dataset\ContiguousDatasetImpl.java,28
.,io.jhdf.dataset,DatasetBase,5,0,23,20,152,38,2,0,0.17391304347826086,1,11,D:\Dalhousie\Summer 2023\Software Engineering\Assignment\Assignment3\jhdf\jhdf\.\src\main\java\io\jhdf\dataset\DatasetBase.java,43
.,io.jhdf.dataset,DatasetLoader,0,0,2,1,29,6,0,0,-1.0,4,4,D:\Dalhousie\Summer 2023\Software Engineering\Assignment\Assignment3\jhdf\jhdf\.\src\main\java\io\jhdf\dataset\DatasetLoader.java,25
.,io.jhdf.dataset,DatasetReader,0,0,3,2,37,5,0,0,-1.0,6,2,D:\Dalhousie\Summer 2023\Software Engineering\Assignment\Assignment3\jhdf\jhdf\.\src\main\java\io\jhdf\dataset\DatasetReader.java,17
.,io.jhdf.dataset,EnumDatasetReader,0,0,6,1,0,23,0,0,-1.0,2,3,D:\Dalhousie\Summer 2023\Software Engineering\Assignment\Assignment3\jhdf\jhdf\.\src\main\java\io\jhdf\dataset\EnumDatasetReader.java,28
.,io.jhdf.dataset,GlobalHeapId,2,0,3,3,14,3,0,0,0.0,1,0,D:\Dalhousie\Summer 2023\Software Engineering\Assignment\Assignment3\jhdf\jhdf\.\src\main\java\io\jhdf\dataset\GlobalHeapId.java,12
.,io.jhdf.dataset,NoParent,2,0,0,0,63,0,0,0,-1.0,3,0,D:\Dalhousie\Summer 2023\Software Engineering\Assignment\Assignment3\jhdf\jhdf\.\src\main\java\io\jhdf\dataset\NoParent.java,25
.,io.jhdf.dataset,VariableLengthDatasetReader,1,0,6,1,91,18,0,0,0.3333333333333333,2,7,D:\Dalhousie\Summer 2023\Software Engineering\Assignment\Assignment3\jhdf\jhdf\.\src\main\java\io\jhdf\dataset\VariableLengthDatasetReader.java,30
.,io.jhdf.dataset,BitfieldDatasetTest,2,0,6,0,57,8,0,0,0.3333333333333333,0,2,D:\Dalhousie\Summer 2023\Software Engineering\Assignment\Assignment3\jhdf\jhdf\.\src\test\java\io\jhdf\dataset\BitfieldDatasetTest.java,31
.,io.jhdf.dataset,BitshuffleDatasetTest,3,0,4,0,27,4,0,0,0.5,0,3,D:\Dalhousie\Summer 2023\Software Engineering\Assignment\Assignment3\jhdf\jhdf\.\src\test\java\io\jhdf\dataset\BitshuffleDatasetTest.java,38
.,io.jhdf.dataset,ByteShuffleChunkedDatasetTest,4,0,4,0,37,5,0,0,0.0,0,2,D:\Dalhousie\Summer 2023\Software Engineering\Assignment\Assignment3\jhdf\jhdf\.\src\test\java\io\jhdf\dataset\ByteShuffleChunkedDatasetTest.java,39
.,io.jhdf.dataset,ChunkedDatasetTest,4,0,4,0,30,5,0,0,0.0,0,1,D:\Dalhousie\Summer 2023\Software Engineering\Assignment\Assignment3\jhdf\jhdf\.\src\test\java\io\jhdf\dataset\ChunkedDatasetTest.java,34
.,io.jhdf.dataset,ChunkedV4DatasetTest,2,0,7,0,62,12,0,0,0.2857142857142857,0,5,D:\Dalhousie\Summer 2023\Software Engineering\Assignment\Assignment3\jhdf\jhdf\.\src\test\java\io\jhdf\dataset\ChunkedV4DatasetTest.java,43
.,io.jhdf.dataset,CompactDatasetTest,4,0,4,0,32,5,0,0,0.0,0,3,D:\Dalhousie\Summer 2023\Software Engineering\Assignment\Assignment3\jhdf\jhdf\.\src\test\java\io\jhdf\dataset\CompactDatasetTest.java,37
.,io.jhdf.dataset,CompoundDatasetTest,4,0,12,0,111,12,0,0,0.5,0,2,D:\Dalhousie\Summer 2023\Software Engineering\Assignment\Assignment3\jhdf\jhdf\.\src\test\java\io\jhdf\dataset\CompoundDatasetTest.java,32
.,io.jhdf.dataset,CompressedChunkedDatasetTest,4,0,4,0,32,5,0,0,0.0,0,2,D:\Dalhousie\Summer 2023\Software Engineering\Assignment\Assignment3\jhdf\jhdf\.\src\test\java\io\jhdf\dataset\CompressedChunkedDatasetTest.java,34
.,io.jhdf.dataset,DatasetByAddressTest,2,0,4,0,27,5,0,0,0.0,0,4,D:\Dalhousie\Summer 2023\Software Engineering\Assignment\Assignment3\jhdf\jhdf\.\src\test\java\io\jhdf\dataset\DatasetByAddressTest.java,36
.,io.jhdf.dataset,DatasetLoaderTest,0,0,2,0,26,2,0,0,-1.0,0,7,D:\Dalhousie\Summer 2023\Software Engineering\Assignment\Assignment3\jhdf\jhdf\.\src\test\java\io\jhdf\dataset\DatasetLoaderTest.java,28
.,io.jhdf.dataset,DatasetLoaderTest.UnknownDataLayoutMessage,0,0,0,0,8,0,0,0,-1.0,0,0,D:\Dalhousie\Summer 2023\Software Engineering\Assignment\Assignment3\jhdf\jhdf\.\src\test\java\io\jhdf\dataset\DatasetLoaderTest.java,56
.,io.jhdf.dataset,EmptyDatasetTest,4,0,4,0,28,4,0,0,0.0,0,1,D:\Dalhousie\Summer 2023\Software Engineering\Assignment\Assignment3\jhdf\jhdf\.\src\test\java\io\jhdf\dataset\EmptyDatasetTest.java,32
.,io.jhdf.dataset,EnumDatasetTest,4,0,6,0,51,10,0,0,0.3333333333333333,0,4,D:\Dalhousie\Summer 2023\Software Engineering\Assignment\Assignment3\jhdf\jhdf\.\src\test\java\io\jhdf\dataset\EnumDatasetTest.java,36
.,io.jhdf.dataset,FillValueDatasetTest,4,0,4,0,26,4,0,0,0.0,0,1,D:\Dalhousie\Summer 2023\Software Engineering\Assignment\Assignment3\jhdf\jhdf\.\src\test\java\io\jhdf\dataset\FillValueDatasetTest.java,30
.,io.jhdf.dataset,FloatSpecialValuesTest,4,0,5,0,41,5,0,0,0.0,0,1,D:\Dalhousie\Summer 2023\Software Engineering\Assignment\Assignment3\jhdf\jhdf\.\src\test\java\io\jhdf\dataset\FloatSpecialValuesTest.java,30
.,io.jhdf.dataset,Lz4DatasetTest,3,0,4,0,24,4,0,0,0.5,0,3,D:\Dalhousie\Summer 2023\Software Engineering\Assignment\Assignment3\jhdf\jhdf\.\src\test\java\io\jhdf\dataset\Lz4DatasetTest.java,38
.,io.jhdf.dataset,MultidimensionalArrayDatasetTest,2,0,5,0,67,5,0,0,0.0,0,6,D:\Dalhousie\Summer 2023\Software Engineering\Assignment\Assignment3\jhdf\jhdf\.\src\test\java\io\jhdf\dataset\MultidimensionalArrayDatasetTest.java,38
.,io.jhdf.dataset,OddDatasetTest,4,0,4,0,28,5,0,0,0.0,0,1,D:\Dalhousie\Summer 2023\Software Engineering\Assignment\Assignment3\jhdf\jhdf\.\src\test\java\io\jhdf\dataset\OddDatasetTest.java,31
.,io.jhdf.dataset,OpaqueDatasetTest,4,0,7,0,73,11,0,0,0.0,0,3,D:\Dalhousie\Summer 2023\Software Engineering\Assignment\Assignment3\jhdf\jhdf\.\src\test\java\io\jhdf\dataset\OpaqueDatasetTest.java,29
.,io.jhdf.dataset,ScalarDatasetTest,4,0,4,0,27,4,0,0,0.0,0,1,D:\Dalhousie\Summer 2023\Software Engineering\Assignment\Assignment3\jhdf\jhdf\.\src\test\java\io\jhdf\dataset\ScalarDatasetTest.java,32
.,io.jhdf.dataset,SlicingTest,2,0,6,0,77,6,0,0,0.0,0,4,D:\Dalhousie\Summer 2023\Software Engineering\Assignment\Assignment3\jhdf\jhdf\.\src\test\java\io\jhdf\dataset\SlicingTest.java,27
.,io.jhdf.dataset,StringDatasetTest,12,0,10,0,95,13,0,0,0.0,0,5,D:\Dalhousie\Summer 2023\Software Engineering\Assignment\Assignment3\jhdf\jhdf\.\src\test\java\io\jhdf\dataset\StringDatasetTest.java,40
.,io.jhdf.dataset,VariableLengthDatasetTest,4,0,6,0,57,7,0,0,0.0,0,3,D:\Dalhousie\Summer 2023\Software Engineering\Assignment\Assignment3\jhdf\jhdf\.\src\test\java\io\jhdf\dataset\VariableLengthDatasetTest.java,36
.,io.jhdf.examples,PrintTree,0,0,2,1,25,4,0,0,-1.0,1,1,D:\Dalhousie\Summer 2023\Software Engineering\Assignment\Assignment3\jhdf\jhdf\.\src\main\java\io\jhdf\examples\PrintTree.java,19
.,io.jhdf.examples,RawChunkAccess,0,0,1,1,23,2,0,0,-1.0,1,2,D:\Dalhousie\Summer 2023\Software Engineering\Assignment\Assignment3\jhdf\jhdf\.\src\main\java\io\jhdf\examples\RawChunkAccess.java,20
.,io.jhdf.examples,ReadAttribute,0,0,1,1,17,1,0,0,-1.0,1,2,D:\Dalhousie\Summer 2023\Software Engineering\Assignment\Assignment3\jhdf\jhdf\.\src\main\java\io\jhdf\examples\ReadAttribute.java,19
.,io.jhdf.examples,ReadDataset,0,0,1,1,13,1,0,0,-1.0,1,1,D:\Dalhousie\Summer 2023\Software Engineering\Assignment\Assignment3\jhdf\jhdf\.\src\main\java\io\jhdf\examples\ReadDataset.java,18
.,io.jhdf.examples,ReadFilters,0,0,1,1,12,1,0,0,-1.0,1,1,D:\Dalhousie\Summer 2023\Software Engineering\Assignment\Assignment3\jhdf\jhdf\.\src\main\java\io\jhdf\examples\ReadFilters.java,21
.,io.jhdf.examples,PrintTreeTest,0,0,2,0,8,2,0,0,-1.0,0,1,D:\Dalhousie\Summer 2023\Software Engineering\Assignment\Assignment3\jhdf\jhdf\.\src\test\java\io\jhdf\examples\PrintTreeTest.java,16
.,io.jhdf.examples,RawChunkAccessTest,0,0,3,0,11,3,0,0,-1.0,0,1,D:\Dalhousie\Summer 2023\Software Engineering\Assignment\Assignment3\jhdf\jhdf\.\src\test\java\io\jhdf\examples\RawChunkAccessTest.java,16
.,io.jhdf.examples,ReadAttributeTest,0,0,2,0,8,2,0,0,-1.0,0,1,D:\Dalhousie\Summer 2023\Software Engineering\Assignment\Assignment3\jhdf\jhdf\.\src\test\java\io\jhdf\examples\ReadAttributeTest.java,16
.,io.jhdf.examples,ReadDatasetTest,0,0,2,0,8,2,0,0,-1.0,0,1,D:\Dalhousie\Summer 2023\Software Engineering\Assignment\Assignment3\jhdf\jhdf\.\src\test\java\io\jhdf\examples\ReadDatasetTest.java,16
.,io.jhdf.examples,ReadFiltersTest,1,0,3,0,16,3,0,0,0.6666666666666666,0,1,D:\Dalhousie\Summer 2023\Software Engineering\Assignment\Assignment3\jhdf\jhdf\.\src\test\java\io\jhdf\examples\ReadFiltersTest.java,27
.,io.jhdf.examples,TestAllFiles,0,0,1,0,15,1,0,1,-1.0,0,0,D:\Dalhousie\Summer 2023\Software Engineering\Assignment\Assignment3\jhdf\jhdf\.\src\test\java\io\jhdf\examples\TestAllFiles.java,53
.,io.jhdf.examples,TestAllFilesBase,1,0,7,0,172,28,2,0,0.42857142857142855,0,7,D:\Dalhousie\Summer 2023\Software Engineering\Assignment\Assignment3\jhdf\jhdf\.\src\test\java\io\jhdf\examples\TestAllFilesBase.java,59
.,io.jhdf.examples,TestAllFilesInMemory,0,0,1,0,15,1,0,1,-1.0,0,1,D:\Dalhousie\Summer 2023\Software Engineering\Assignment\Assignment3\jhdf\jhdf\.\src\test\java\io\jhdf\examples\TestAllFilesInMemory.java,53
.,io.jhdf.exceptions,HdfBrokenLinkException,1,0,1,1,10,1,0,1,0.0,1,0,D:\Dalhousie\Summer 2023\Software Engineering\Assignment\Assignment3\jhdf\jhdf\.\src\main\java\io\jhdf\exceptions\HdfBrokenLinkException.java,12
.,io.jhdf.exceptions,HdfChecksumMismatchException,0,0,1,1,9,1,0,1,-1.0,1,0,D:\Dalhousie\Summer 2023\Software Engineering\Assignment\Assignment3\jhdf\jhdf\.\src\main\java\io\jhdf\exceptions\HdfChecksumMismatchException.java,12
.,io.jhdf.exceptions,HdfException,1,0,2,2,13,2,8,0,1.0,15,0,D:\Dalhousie\Summer 2023\Software Engineering\Assignment\Assignment3\jhdf\jhdf\.\src\main\java\io\jhdf\exceptions\HdfException.java,12
.,io.jhdf.exceptions,HdfFilterException,1,0,2,2,13,2,0,1,1.0,4,0,D:\Dalhousie\Summer 2023\Software Engineering\Assignment\Assignment3\jhdf\jhdf\.\src\main\java\io\jhdf\exceptions\HdfFilterException.java,12
.,io.jhdf.exceptions,HdfInvalidPathException,3,0,4,4,23,4,0,1,0.0,2,0,D:\Dalhousie\Summer 2023\Software Engineering\Assignment\Assignment3\jhdf\jhdf\.\src\main\java\io\jhdf\exceptions\HdfInvalidPathException.java,16
.,io.jhdf.exceptions,HdfTypeException,0,0,1,1,5,1,0,1,-1.0,3,0,D:\Dalhousie\Summer 2023\Software Engineering\Assignment\Assignment3\jhdf\jhdf\.\src\main\java\io\jhdf\exceptions\HdfTypeException.java,12
.,io.jhdf.exceptions,InMemoryHdfException,0,0,1,1,9,1,0,1,-1.0,1,0,D:\Dalhousie\Summer 2023\Software Engineering\Assignment\Assignment3\jhdf\jhdf\.\src\main\java\io\jhdf\exceptions\InMemoryHdfException.java,12
.,io.jhdf.exceptions,InvalidSliceHdfException,3,0,2,2,14,2,0,1,0.0,1,0,D:\Dalhousie\Summer 2023\Software Engineering\Assignment\Assignment3\jhdf\jhdf\.\src\main\java\io\jhdf\exceptions\InvalidSliceHdfException.java,14
.,io.jhdf.exceptions,UnsupportedHdfException,1,0,1,1,6,1,0,1,0.0,4,0,D:\Dalhousie\Summer 2023\Software Engineering\Assignment\Assignment3\jhdf\jhdf\.\src\main\java\io\jhdf\exceptions\UnsupportedHdfException.java,12
.,io.jhdf.exceptions,ExceptionsTest,1,0,3,0,19,3,0,0,0.0,0,2,D:\Dalhousie\Summer 2023\Software Engineering\Assignment\Assignment3\jhdf\jhdf\.\src\test\java\io\jhdf\exceptions\ExceptionsTest.java,21
.,io.jhdf.filter,BitShuffleFilter,7,3,9,3,0,22,0,1,0.4444444444444444,1,1,D:\Dalhousie\Summer 2023\Software Engineering\Assignment\Assignment3\jhdf\jhdf\.\src\main\java\io\jhdf\filter\BitShuffleFilter.java,21
.,io.jhdf.filter,ByteShuffleFilter,0,0,3,3,27,7,0,1,-1.0,1,0,D:\Dalhousie\Summer 2023\Software Engineering\Assignment\Assignment3\jhdf\jhdf\.\src\main\java\io\jhdf\filter\ByteShuffleFilter.java,12
.,io.jhdf.filter,DeflatePipelineFilter,1,0,3,3,33,6,0,1,1.0,1,0,D:\Dalhousie\Summer 2023\Software Engineering\Assignment\Assignment3\jhdf\jhdf\.\src\main\java\io\jhdf\filter\DeflatePipelineFilter.java,21
.,io.jhdf.filter,Filter,0,0,3,0,24,3,6,0,-1.0,2,0,D:\Dalhousie\Summer 2023\Software Engineering\Assignment\Assignment3\jhdf\jhdf\.\src\main\java\io\jhdf\filter\Filter.java,14
.,io.jhdf.filter,FilterManager,2,0,0,0,46,0,0,0,-1.0,0,0,D:\Dalhousie\Summer 2023\Software Engineering\Assignment\Assignment3\jhdf\jhdf\.\src\main\java\io\jhdf\filter\FilterManager.java,24
.,io.jhdf.filter,FilterPipeline,2,1,5,3,32,6,0,0,0.4,2,2,D:\Dalhousie\Summer 2023\Software Engineering\Assignment\Assignment3\jhdf\jhdf\.\src\main\java\io\jhdf\filter\FilterPipeline.java,20
.,io.jhdf.filter,FletcherChecksumFilter,2,0,3,3,21,4,0,1,1.0,0,0,D:\Dalhousie\Summer 2023\Software Engineering\Assignment\Assignment3\jhdf\jhdf\.\src\main\java\io\jhdf\filter\FletcherChecksumFilter.java,15
.,io.jhdf.filter,Lz4Filter,1,0,4,3,52,7,0,1,1.0,1,1,D:\Dalhousie\Summer 2023\Software Engineering\Assignment\Assignment3\jhdf\jhdf\.\src\main\java\io\jhdf\filter\Lz4Filter.java,20
.,io.jhdf.filter,LzfFilter,0,0,3,3,31,4,0,1,-1.0,0,0,D:\Dalhousie\Summer 2023\Software Engineering\Assignment\Assignment3\jhdf\jhdf\.\src\main\java\io\jhdf\filter\LzfFilter.java,16
.,io.jhdf.filter,PipelineFilterWithData,2,0,6,4,23,6,0,0,0.0,3,1,D:\Dalhousie\Summer 2023\Software Engineering\Assignment\Assignment3\jhdf\jhdf\.\src\main\java\io\jhdf\filter\PipelineFilterWithData.java,14
.,io.jhdf.filter,BitShuffleFilterTest,0,0,8,0,160,9,0,0,-1.0,0,3,D:\Dalhousie\Summer 2023\Software Engineering\Assignment\Assignment3\jhdf\jhdf\.\src\test\java\io\jhdf\filter\BitShuffleFilterTest.java,31
.,io.jhdf.filter,ByteShuffleFilterTest,0,0,4,0,26,4,0,0,-1.0,0,1,D:\Dalhousie\Summer 2023\Software Engineering\Assignment\Assignment3\jhdf\jhdf\.\src\test\java\io\jhdf\filter\ByteShuffleFilterTest.java,17
.,io.jhdf.filter,DeflatePipelineFilterTest,0,0,3,0,22,3,0,0,-1.0,0,2,D:\Dalhousie\Summer 2023\Software Engineering\Assignment\Assignment3\jhdf\jhdf\.\src\test\java\io\jhdf\filter\DeflatePipelineFilterTest.java,26
.,io.jhdf.filter,Lz4FilterTest,0,0,1,0,14,1,0,0,-1.0,0,2,D:\Dalhousie\Summer 2023\Software Engineering\Assignment\Assignment3\jhdf\jhdf\.\src\test\java\io\jhdf\filter\Lz4FilterTest.java,22
.,io.jhdf.filter,MissingFilterTest,2,0,3,0,17,3,0,0,0.0,0,3,D:\Dalhousie\Summer 2023\Software Engineering\Assignment\Assignment3\jhdf\jhdf\.\src\test\java\io\jhdf\filter\MissingFilterTest.java,26
.,io.jhdf.links,AbstractLink,3,0,15,15,61,15,2,0,0.5333333333333333,0,1,D:\Dalhousie\Summer 2023\Software Engineering\Assignment\Assignment3\jhdf\jhdf\.\src\main\java\io\jhdf\links\AbstractLink.java,25
.,io.jhdf.links,ExternalLink,2,0,4,4,44,4,0,1,0.0,1,1,D:\Dalhousie\Summer 2023\Software Engineering\Assignment\Assignment3\jhdf\jhdf\.\src\main\java\io\jhdf\links\ExternalLink.java,22
.,io.jhdf.links,ExternalLink.ExternalLinkTargetLazyInitializer,0,0,0,0,16,0,0,0,-1.0,0,0,D:\Dalhousie\Summer 2023\Software Engineering\Assignment\Assignment3\jhdf\jhdf\.\src\main\java\io\jhdf\links\ExternalLink.java,41
.,io.jhdf.links,SoftLink,1,0,4,4,31,4,0,1,0.0,1,1,D:\Dalhousie\Summer 2023\Software Engineering\Assignment\Assignment3\jhdf\jhdf\.\src\main\java\io\jhdf\links\SoftLink.java,17
.,io.jhdf.links,SoftLink.LinkTargetLazyInitializer,0,0,0,0,5,0,0,0,-1.0,0,0,D:\Dalhousie\Summer 2023\Software Engineering\Assignment\Assignment3\jhdf\jhdf\.\src\main\java\io\jhdf\links\SoftLink.java,33
.,io.jhdf.links,LinksTest,2,0,10,0,83,10,0,0,0.0,0,10,D:\Dalhousie\Summer 2023\Software Engineering\Assignment\Assignment3\jhdf\jhdf\.\src\test\java\io\jhdf\links\LinksTest.java,38
.,io.jhdf.object.datatype,ArrayDataType,2,0,5,5,39,8,0,1,0.0,1,3,D:\Dalhousie\Summer 2023\Software Engineering\Assignment\Assignment3\jhdf\jhdf\.\src\main\java\io\jhdf\object\datatype\ArrayDataType.java,19
.,io.jhdf.object.datatype,BitField,5,0,9,8,56,13,0,1,0.0,0,1,D:\Dalhousie\Summer 2023\Software Engineering\Assignment\Assignment3\jhdf\jhdf\.\src\main\java\io\jhdf\object\datatype\BitField.java,20
.,io.jhdf.object.datatype,CompoundDataType,5,0,4,4,81,12,0,1,0.75,2,4,D:\Dalhousie\Summer 2023\Software Engineering\Assignment\Assignment3\jhdf\jhdf\.\src\main\java\io\jhdf\object\datatype\CompoundDataType.java,23
.,io.jhdf.object.datatype,CompoundDataType.CompoundDataMember,4,0,0,0,24,0,0,0,-1.0,0,1,D:\Dalhousie\Summer 2023\Software Engineering\Assignment\Assignment3\jhdf\jhdf\.\src\main\java\io\jhdf\object\datatype\CompoundDataType.java,103
.,io.jhdf.object.datatype,DataType,4,0,7,6,0,19,10,0,0.5714285714285714,15,2,D:\Dalhousie\Summer 2023\Software Engineering\Assignment\Assignment3\jhdf\jhdf\.\src\main\java\io\jhdf\object\datatype\DataType.java,20
.,io.jhdf.object.datatype,EnumDataType,2,0,5,5,51,11,0,1,0.6,2,4,D:\Dalhousie\Summer 2023\Software Engineering\Assignment\Assignment3\jhdf\jhdf\.\src\main\java\io\jhdf\object\datatype\EnumDataType.java,22
.,io.jhdf.object.datatype,FixedPoint,6,0,17,9,0,56,0,1,0.47058823529411764,2,1,D:\Dalhousie\Summer 2023\Software Engineering\Assignment\Assignment3\jhdf\jhdf\.\src\main\java\io\jhdf\object\datatype\FixedPoint.java,25
.,io.jhdf.object.datatype,FloatingPoint,13,0,20,17,0,39,0,1,0.2,2,2,D:\Dalhousie\Summer 2023\Software Engineering\Assignment\Assignment3\jhdf\jhdf\.\src\main\java\io\jhdf\object\datatype\FloatingPoint.java,26
.,io.jhdf.object.datatype,OpaqueDataType,1,0,5,4,40,8,0,1,0.4,1,2,D:\Dalhousie\Summer 2023\Software Engineering\Assignment\Assignment3\jhdf\jhdf\.\src\main\java\io\jhdf\object\datatype\OpaqueDataType.java,21
.,io.jhdf.object.datatype,OrderedDataType,0,0,1,0,3,1,3,0,-1.0,0,0,D:\Dalhousie\Summer 2023\Software Engineering\Assignment\Assignment3\jhdf\jhdf\.\src\main\java\io\jhdf\object\datatype\OrderedDataType.java,14
.,io.jhdf.object.datatype,Reference,1,0,5,4,0,11,0,1,0.6,1,2,D:\Dalhousie\Summer 2023\Software Engineering\Assignment\Assignment3\jhdf\jhdf\.\src\main\java\io\jhdf\object\datatype\Reference.java,26
.,io.jhdf.object.datatype,Reference.ReferenceType,0,0,0,0,7,0,0,0,-1.0,0,0,D:\Dalhousie\Summer 2023\Software Engineering\Assignment\Assignment3\jhdf\jhdf\.\src\main\java\io\jhdf\object\datatype\Reference.java,38
.,io.jhdf.object.datatype,StringData,3,0,9,7,0,17,0,1,0.0,2,2,D:\Dalhousie\Summer 2023\Software Engineering\Assignment\Assignment3\jhdf\jhdf\.\src\main\java\io\jhdf\object\datatype\StringData.java,25
.,io.jhdf.object.datatype,StringData.PaddingType,1,0,0,0,5,0,0,0,-1.0,0,0,D:\Dalhousie\Summer 2023\Software Engineering\Assignment\Assignment3\jhdf\jhdf\.\src\main\java\io\jhdf\object\datatype\StringData.java,58
.,io.jhdf.object.datatype,StringData.StringPaddingHandler,0,0,0,0,3,0,0,0,-1.0,0,0,D:\Dalhousie\Summer 2023\Software Engineering\Assignment\Assignment3\jhdf\jhdf\.\src\main\java\io\jhdf\object\datatype\StringData.java,118
.,io.jhdf.object.datatype,StringData.NullTerminated,0,0,0,0,10,0,0,0,-1.0,0,0,D:\Dalhousie\Summer 2023\Software Engineering\Assignment\Assignment3\jhdf\jhdf\.\src\main\java\io\jhdf\object\datatype\StringData.java,122
.,io.jhdf.object.datatype,StringData.NullPadded,0,0,0,0,9,0,0,0,-1.0,0,0,D:\Dalhousie\Summer 2023\Software Engineering\Assignment\Assignment3\jhdf\jhdf\.\src\main\java\io\jhdf\object\datatype\StringData.java,135
.,io.jhdf.object.datatype,StringData.SpacePadded,0,0,0,0,9,0,0,0,-1.0,0,0,D:\Dalhousie\Summer 2023\Software Engineering\Assignment\Assignment3\jhdf\jhdf\.\src\main\java\io\jhdf\object\datatype\StringData.java,147
.,io.jhdf.object.datatype,VariableLength,4,0,8,8,0,16,0,1,0.25,2,4,D:\Dalhousie\Summer 2023\Software Engineering\Assignment\Assignment3\jhdf\jhdf\.\src\main\java\io\jhdf\object\datatype\VariableLength.java,22
.,io.jhdf.object.datatype,FixedPointTest,21,0,9,0,92,13,0,0,0.5555555555555556,0,4,D:\Dalhousie\Summer 2023\Software Engineering\Assignment\Assignment3\jhdf\jhdf\.\src\test\java\io\jhdf\object\datatype\FixedPointTest.java,35
.,io.jhdf.object.datatype,FloatingPointTest,7,0,8,0,63,10,0,0,0.625,0,4,D:\Dalhousie\Summer 2023\Software Engineering\Assignment\Assignment3\jhdf\jhdf\.\src\test\java\io\jhdf\object\datatype\FloatingPointTest.java,36
.,io.jhdf.object.datatype,ReferenceTest,7,0,4,0,33,4,0,0,0.0,0,4,D:\Dalhousie\Summer 2023\Software Engineering\Assignment\Assignment3\jhdf\jhdf\.\src\test\java\io\jhdf\object\datatype\ReferenceTest.java,33
.,io.jhdf.object.datatype,StringDataTest,1,0,6,0,70,7,0,0,1.0,0,2,D:\Dalhousie\Summer 2023\Software Engineering\Assignment\Assignment3\jhdf\jhdf\.\src\test\java\io\jhdf\object\datatype\StringDataTest.java,24
.,io.jhdf.object.message,AttributeInfoMessage,6,0,5,4,46,8,0,1,0.0,0,2,D:\Dalhousie\Summer 2023\Software Engineering\Assignment\Assignment3\jhdf\jhdf\.\src\main\java\io\jhdf\object\message\AttributeInfoMessage.java,19
.,io.jhdf.object.message,AttributeMessage,8,0,8,7,0,21,0,1,0.25,3,6,D:\Dalhousie\Summer 2023\Software Engineering\Assignment\Assignment3\jhdf\jhdf\.\src\main\java\io\jhdf\object\message\AttributeMessage.java,25
.,io.jhdf.object.message,BTreeKValuesMessage,3,0,4,3,28,5,0,1,0.0,0,0,D:\Dalhousie\Summer 2023\Software Engineering\Assignment\Assignment3\jhdf\jhdf\.\src\main\java\io\jhdf\object\message\BTreeKValuesMessage.java,17
.,io.jhdf.object.message,DataLayout,0,0,0,0,1,0,0,0,-1.0,6,0,D:\Dalhousie\Summer 2023\Software Engineering\Assignment\Assignment3\jhdf\jhdf\.\src\main\java\io\jhdf\object\message\DataLayout.java,12
.,io.jhdf.object.message,DataLayoutMessage,22,0,5,3,0,20,4,1,0.6,4,4,D:\Dalhousie\Summer 2023\Software Engineering\Assignment\Assignment3\jhdf\jhdf\.\src\main\java\io\jhdf\object\message\DataLayoutMessage.java,22
.,io.jhdf.object.message,DataLayoutMessage.CompactDataLayoutMessage,1,0,0,0,18,0,0,2,-1.0,0,1,D:\Dalhousie\Summer 2023\Software Engineering\Assignment\Assignment3\jhdf\jhdf\.\src\main\java\io\jhdf\object\message\DataLayoutMessage.java,105
.,io.jhdf.object.message,DataLayoutMessage.ContiguousDataLayoutMessage,2,0,0,0,26,0,0,2,-1.0,0,1,D:\Dalhousie\Summer 2023\Software Engineering\Assignment\Assignment3\jhdf\jhdf\.\src\main\java\io\jhdf\object\message\DataLayoutMessage.java,130
.,io.jhdf.object.message,DataLayoutMessage.ChunkedDataLayoutMessage,3,0,0,0,33,0,0,2,-1.0,0,1,D:\Dalhousie\Summer 2023\Software Engineering\Assignment\Assignment3\jhdf\jhdf\.\src\main\java\io\jhdf\object\message\DataLayoutMessage.java,164
.,io.jhdf.object.message,DataLayoutMessage.ChunkedDataLayoutMessageV4,16,0,0,0,0,0,0,2,-1.0,0,1,D:\Dalhousie\Summer 2023\Software Engineering\Assignment\Assignment3\jhdf\jhdf\.\src\main\java\io\jhdf\object\message\DataLayoutMessage.java,206
.,io.jhdf.object.message,DataSpace,6,0,8,7,75,15,0,0,0.25,3,2,D:\Dalhousie\Summer 2023\Software Engineering\Assignment\Assignment3\jhdf\jhdf\.\src\main\java\io\jhdf\object\message\DataSpace.java,21
.,io.jhdf.object.message,DataSpaceMessage,1,0,2,1,14,2,0,1,0.0,2,2,D:\Dalhousie\Summer 2023\Software Engineering\Assignment\Assignment3\jhdf\jhdf\.\src\main\java\io\jhdf\object\message\DataSpaceMessage.java,17
.,io.jhdf.object.message,DataTypeMessage,1,0,2,1,10,2,0,1,0.0,3,1,D:\Dalhousie\Summer 2023\Software Engineering\Assignment\Assignment3\jhdf\jhdf\.\src\main\java\io\jhdf\object\message\DataTypeMessage.java,17
.,io.jhdf.object.message,FillValueMessage,5,0,5,4,63,10,0,1,0.0,1,1,D:\Dalhousie\Summer 2023\Software Engineering\Assignment\Assignment3\jhdf\jhdf\.\src\main\java\io\jhdf\object\message\FillValueMessage.java,18
.,io.jhdf.object.message,FillValueOldMessage,1,0,2,1,19,2,0,1,0.0,1,1,D:\Dalhousie\Summer 2023\Software Engineering\Assignment\Assignment3\jhdf\jhdf\.\src\main\java\io\jhdf\object\message\FillValueOldMessage.java,17
.,io.jhdf.object.message,FilterPipelineMessage,6,0,2,2,78,9,0,1,0.0,0,1,D:\Dalhousie\Summer 2023\Software Engineering\Assignment\Assignment3\jhdf\jhdf\.\src\main\java\io\jhdf\object\message\FilterPipelineMessage.java,22
.,io.jhdf.object.message,FilterPipelineMessage.FilterInfo,4,0,0,0,27,0,0,0,-1.0,0,0,D:\Dalhousie\Summer 2023\Software Engineering\Assignment\Assignment3\jhdf\jhdf\.\src\main\java\io\jhdf\object\message\FilterPipelineMessage.java,103
.,io.jhdf.object.message,GroupInfoMessage,6,0,5,4,48,8,0,1,0.0,0,1,D:\Dalhousie\Summer 2023\Software Engineering\Assignment\Assignment3\jhdf\jhdf\.\src\main\java\io\jhdf\object\message\GroupInfoMessage.java,18
.,io.jhdf.object.message,LinkInfoMessage,8,0,7,6,47,9,0,1,0.0,1,2,D:\Dalhousie\Summer 2023\Software Engineering\Assignment\Assignment3\jhdf\jhdf\.\src\main\java\io\jhdf\object\message\LinkInfoMessage.java,18
.,io.jhdf.object.message,LinkMessage,11,0,11,9,0,31,0,1,0.2727272727272727,0,2,D:\Dalhousie\Summer 2023\Software Engineering\Assignment\Assignment3\jhdf\jhdf\.\src\main\java\io\jhdf\object\message\LinkMessage.java,23
.,io.jhdf.object.message,LinkMessage.LinkType,0,0,0,0,0,0,0,0,-1.0,0,0,D:\Dalhousie\Summer 2023\Software Engineering\Assignment\Assignment3\jhdf\jhdf\.\src\main\java\io\jhdf\object\message\LinkMessage.java,25
.,io.jhdf.object.message,Message,10,0,12,11,0,38,19,0,0.0,0,3,D:\Dalhousie\Summer 2023\Software Engineering\Assignment\Assignment3\jhdf\jhdf\.\src\main\java\io\jhdf\object\message\Message.java,22
.,io.jhdf.object.message,NilMessage,0,0,1,0,10,1,0,1,-1.0,0,0,D:\Dalhousie\Summer 2023\Software Engineering\Assignment\Assignment3\jhdf\jhdf\.\src\main\java\io\jhdf\object\message\NilMessage.java,15
.,io.jhdf.object.message,ObjectCommentMessage,1,0,2,1,14,2,0,1,0.0,1,1,D:\Dalhousie\Summer 2023\Software Engineering\Assignment\Assignment3\jhdf\jhdf\.\src\main\java\io\jhdf\object\message\ObjectCommentMessage.java,17
.,io.jhdf.object.message,ObjectHeaderContinuationMessage,2,0,3,2,19,3,0,1,0.0,0,2,D:\Dalhousie\Summer 2023\Software Engineering\Assignment\Assignment3\jhdf\jhdf\.\src\main\java\io\jhdf\object\message\ObjectHeaderContinuationMessage.java,18
.,io.jhdf.object.message,ObjectModificationTimeMessage,1,0,3,2,22,4,0,1,0.0,1,1,D:\Dalhousie\Summer 2023\Software Engineering\Assignment\Assignment3\jhdf\jhdf\.\src\main\java\io\jhdf\object\message\ObjectModificationTimeMessage.java,20
.,io.jhdf.object.message,ObjectReferenceCountMessage,1,0,2,2,14,3,0,1,0.0,0,0,D:\Dalhousie\Summer 2023\Software Engineering\Assignment\Assignment3\jhdf\jhdf\.\src\main\java\io\jhdf\object\message\ObjectReferenceCountMessage.java,17
.,io.jhdf.object.message,OldObjectModificationTimeMessage,1,0,2,2,27,2,0,1,0.0,0,1,D:\Dalhousie\Summer 2023\Software Engineering\Assignment\Assignment3\jhdf\jhdf\.\src\main\java\io\jhdf\object\message\OldObjectModificationTimeMessage.java,21
.,io.jhdf.object.message,SharedMessage,1,0,2,2,27,5,0,0,0.0,1,2,D:\Dalhousie\Summer 2023\Software Engineering\Assignment\Assignment3\jhdf\jhdf\.\src\main\java\io\jhdf\object\message\SharedMessage.java,19
.,io.jhdf.object.message,SymbolTableMessage,2,0,3,2,19,3,0,1,0.0,0,2,D:\Dalhousie\Summer 2023\Software Engineering\Assignment\Assignment3\jhdf\jhdf\.\src\main\java\io\jhdf\object\message\SymbolTableMessage.java,18
.,io.jhdf.object.message,AttributeMessageV1Test,5,0,3,0,29,3,0,0,0.0,0,3,D:\Dalhousie\Summer 2023\Software Engineering\Assignment\Assignment3\jhdf\jhdf\.\src\test\java\io\jhdf\object\message\AttributeMessageV1Test.java,32
.,io.jhdf.object.message,AttributeMessageV3Test,5,0,3,0,30,3,0,0,0.0,0,3,D:\Dalhousie\Summer 2023\Software Engineering\Assignment\Assignment3\jhdf\jhdf\.\src\test\java\io\jhdf\object\message\AttributeMessageV3Test.java,34
.,io.jhdf.object.message,FillValueOldMessageTest,0,0,1,0,12,1,0,0,-1.0,0,1,D:\Dalhousie\Summer 2023\Software Engineering\Assignment\Assignment3\jhdf\jhdf\.\src\test\java\io\jhdf\object\message\FillValueOldMessageTest.java,23
.,io.jhdf.object.message,ObjectCommentMessageTest,3,0,2,0,17,2,0,0,0.0,0,2,D:\Dalhousie\Summer 2023\Software Engineering\Assignment\Assignment3\jhdf\jhdf\.\src\test\java\io\jhdf\object\message\ObjectCommentMessageTest.java,25
.,io.jhdf.object.message,ObjectModificationTimeMessageTest,4,0,3,0,25,3,0,0,0.0,0,2,D:\Dalhousie\Summer 2023\Software Engineering\Assignment\Assignment3\jhdf\jhdf\.\src\test\java\io\jhdf\object\message\ObjectModificationTimeMessageTest.java,26
.,io.jhdf.storage,HdfBackingStorage,0,0,11,0,20,11,2,0,-1.0,58,0,D:\Dalhousie\Summer 2023\Software Engineering\Assignment\Assignment3\jhdf\jhdf\.\src\main\java\io\jhdf\storage\HdfBackingStorage.java,17
.,io.jhdf.storage,HdfFileChannel,3,0,13,12,97,16,0,1,0.15384615384615385,6,1,D:\Dalhousie\Summer 2023\Software Engineering\Assignment\Assignment3\jhdf\jhdf\.\src\main\java\io\jhdf\storage\HdfFileChannel.java,24
.,io.jhdf.storage,HdfInMemoryByteBuffer,2,0,12,12,42,12,0,1,0.3333333333333333,0,1,D:\Dalhousie\Summer 2023\Software Engineering\Assignment\Assignment3\jhdf\jhdf\.\src\main\java\io\jhdf\storage\HdfInMemoryByteBuffer.java,20
.,io.jhdf.attribute,CompoundScalarAttributeTest,2,0,3,0,25,3,0,0,0.0,0,3,D:\Dalhousie\Summer 2023\Software Engineering\Assignment\Assignment3\jhdf\jhdf\.\src\test\java\io\jhdf\attribute\CompoundScalarAttributeTest.java,27
.,io.jhdf.nio,NioPathTest,5,0,16,0,181,30,0,0,0.0,0,6,D:\Dalhousie\Summer 2023\Software Engineering\Assignment\Assignment3\jhdf\jhdf\.\src\test\java\io\jhdf\nio\NioPathTest.java,46
